"","incidentBeginMonth","state","NumberOfDisasters"
"1","1953-05","GA",1
"2","1953-05","LA",1
"3","1953-05","TX",1
"4","1953-06","IA",1
"5","1953-06","MA",1
"6","1953-06","MI",2
"7","1953-06","MT",1
"8","1953-06","TX",1
"9","1953-07","NH",1
"10","1953-10","AK",1
"11","1953-10","FL",1
"12","1953-12","MS",1
"13","1954-02","CA",1
"14","1954-03","GA",1
"15","1954-06","IA",1
"16","1954-07","NV",1
"17","1954-07","SD",1
"18","1954-07","TX",1
"19","1954-08","WV",1
"20","1954-09","CT",1
"21","1954-09","MA",1
"22","1954-09","ME",1
"23","1954-09","RI",1
"24","1954-10","IN",1
"25","1954-10","NC",1
"26","1954-10","NM",1
"27","1954-10","NY",1
"28","1954-10","SC",1
"29","1954-11","AK",1
"30","1955-04","HI",1
"31","1955-05","CO",1
"32","1955-05","KS",1
"33","1955-06","NV",1
"34","1955-06","OK",1
"35","1955-08","CT",1
"36","1955-08","MA",1
"37","1955-08","NC",1
"38","1955-08","NJ",1
"39","1955-08","NM",1
"40","1955-08","NY",1
"41","1955-08","PA",1
"42","1955-08","RI",1
"43","1955-08","SC",1
"44","1955-12","AK",1
"45","1955-12","CA",1
"46","1955-12","NV",1
"47","1955-12","OR",1
"48","1956-02","WA",1
"49","1956-03","NY",1
"50","1956-03","PA",1
"51","1956-04","ID",1
"52","1956-04","MI",1
"53","1956-04","NC",1
"54","1956-04","OK",1
"55","1956-05","OH",1
"56","1956-05","PA",1
"57","1956-06","CO",1
"58","1956-07","OR",1
"59","1956-08","NV",1
"60","1956-08","PA",1
"61","1956-08","PR",1
"62","1956-10","LA",1
"63","1956-12","CA",1
"64","1957-01","KY",1
"65","1957-01","WV",1
"66","1957-02","VA",1
"67","1957-03","HI",1
"68","1957-03","OR",1
"69","1957-03","WA",1
"70","1957-04","TX",1
"71","1957-05","AR",1
"72","1957-05","ID",1
"73","1957-05","LA",1
"74","1957-05","MO",1
"75","1957-05","OK",1
"76","1957-06","IL",1
"77","1957-06","MN",1
"78","1957-06","ND",1
"79","1957-09","KS",1
"80","1958-04","CA",1
"81","1958-05","AR",1
"82","1958-05","LA",1
"83","1958-06","TX",1
"84","1958-07","IA",1
"85","1958-10","NC",1
"86","1958-11","KS",1
"87","1959-01","IN",1
"88","1959-01","OH",1
"89","1959-01","PA",1
"90","1959-07","OK",1
"91","1959-07","TX",1
"92","1959-08","HI",1
"93","1959-11","OK",1
"94","1960-01","HI",1
"95","1960-03","FL",1
"96","1960-04","MO",1
"97","1960-04","NE",1
"98","1960-04","SD",1
"99","1960-05","AR",1
"100","1960-05","HI",1
"101","1960-07","ID",1
"102","1960-07","OK",1
"103","1960-07","TX",1
"104","1960-09","FL",1
"105","1960-09","NC",1
"106","1961-02","AL",1
"107","1961-02","MS",1
"108","1961-03","GA",1
"109","1961-03","IA",1
"110","1961-05","AR",1
"111","1961-05","IL",1
"112","1961-05","IN",1
"113","1961-05","MO",1
"114","1961-06","ID",1
"115","1961-07","WV",1
"116","1961-09","TX",1
"117","1961-11","CA",1
"118","1962-02","ID",1
"119","1962-02","NV",1
"120","1962-03","CA",1
"121","1962-03","DE",1
"122","1962-03","KY",1
"123","1962-03","MD",1
"124","1962-03","NC",1
"125","1962-03","NJ",1
"126","1962-03","NY",1
"127","1962-03","VA",1
"128","1962-03","WV",1
"129","1962-05","NE",1
"130","1962-07","SD",1
"131","1962-09","IA",1
"132","1962-09","NE",1
"133","1962-10","CA",1
"134","1962-10","MS",1
"135","1962-10","OR",1
"136","1962-10","WA",1
"137","1962-11","GU",1
"138","1962-11","LA",1
"139","1962-12","FL",1
"140","1963-02","CA",1
"141","1963-02","ID",1
"142","1963-02","NV",1
"143","1963-02","OR",1
"144","1963-03","GA",1
"145","1963-03","KY",1
"146","1963-03","TN",1
"147","1963-03","VA",1
"148","1963-03","WA",1
"149","1963-03","WV",1
"150","1963-04","FM",1
"151","1963-04","GU",1
"152","1963-04","HI",1
"153","1963-07","NE",1
"154","1963-07","WY",1
"155","1963-08","AR",1
"156","1963-08","NY",1
"157","1963-09","TX",1
"158","1963-11","VT",1
"159","1963-12","CA",1
"160","1964-03","AK",1
"161","1964-03","AR",1
"162","1964-03","IN",1
"163","1964-03","KY",1
"164","1964-03","OH",1
"165","1964-03","VT",1
"166","1964-03","WV",1
"167","1964-04","CA",1
"168","1964-05","PR",1
"169","1964-06","MT",1
"170","1964-06","VI",1
"171","1964-07","MO",1
"172","1964-07","NE",1
"173","1964-09","FL",2
"174","1964-09","GA",1
"175","1964-10","LA",1
"176","1964-10","NC",1
"177","1964-11","GA",1
"178","1964-12","CA",31
"179","1964-12","FM",1
"180","1964-12","ID",27
"181","1964-12","MT",1
"182","1964-12","OR",36
"183","1964-12","WA",21
"184","1965-01","NV",4
"185","1965-04","IA",68
"186","1965-04","IL",10
"187","1965-04","IN",17
"188","1965-04","MI",16
"189","1965-04","MN",65
"190","1965-04","OH",15
"191","1965-04","WI",20
"192","1965-05","ND",10
"193","1965-05","SD",4
"194","1965-05","WA",6
"195","1965-06","CO",27
"196","1965-06","KS",21
"197","1965-06","MO",6
"198","1965-06","TX",7
"199","1965-07","MO",18
"200","1965-07","NM",4
"201","1965-08","DE",3
"202","1965-08","NJ",21
"203","1965-08","NY",14
"204","1965-08","PA",13
"205","1965-09","FL",10
"206","1965-09","LA",35
"207","1965-09","MS",11
"208","1965-12","CA",4
"209","1966-01","CA",1
"210","1966-02","AS",5
"211","1966-03","GA",23
"212","1966-03","MN",25
"213","1966-03","ND",16
"214","1966-04","AZ",5
"215","1966-05","TX",26
"216","1966-06","KS",2
"217","1966-07","ND",8
"218","1966-08","NE",8
"219","1966-09","TX",1
"220","1967-01","CA",8
"221","1967-03","KY",18
"222","1967-03","WV",36
"223","1967-04","IL",9
"224","1967-07","KS",27
"225","1967-07","NE",56
"226","1967-08","AK",1
"227","1967-08","ID",10
"228","1967-09","TX",29
"229","1967-10","NY",2
"230","1968-02","NC",21
"231","1968-05","AR",28
"232","1968-05","IA",4
"233","1968-05","KY",5
"234","1968-05","OH",5
"235","1968-05","OK",5
"236","1968-06","IL",8
"237","1968-06","NJ",7
"238","1968-06","OH",28
"239","1968-06","TX",1
"240","1968-07","IN",12
"241","1968-07","TX",4
"242","1968-08","IA",12
"243","1968-08","MN",5
"244","1968-09","HI",1
"245","1968-09","MN",1
"246","1968-11","FL",14
"247","1969-01","CA",37
"248","1969-02","AR",36
"249","1969-04","IA",40
"250","1969-04","MN",70
"251","1969-04","ND",46
"252","1969-04","NV",1
"253","1969-04","SD",26
"254","1969-05","CO",15
"255","1969-05","WI",15
"256","1969-06","IL",10
"257","1969-07","KS",20
"258","1969-07","KY",11
"259","1969-07","OH",26
"260","1969-07","TN",6
"261","1969-07","WI",6
"262","1969-08","CA",1
"263","1969-08","IA",47
"264","1969-08","IL",15
"265","1969-08","LA",5
"266","1969-08","MN",4
"267","1969-08","MS",27
"268","1969-08","NY",1
"269","1969-08","PA",4
"270","1969-08","VA",27
"271","1969-08","VT",2
"272","1969-09","WV",4
"273","1969-11","AL",2
"274","1969-12","AK",1
"275","1970-02","CA",17
"276","1970-02","KY",12
"277","1970-02","ME",15
"278","1970-04","AL",2
"279","1970-05","TX",11
"280","1970-06","AK",1
"281","1970-06","KY",13
"282","1970-06","ND",21
"283","1970-07","FL",3
"284","1970-07","MN",11
"285","1970-07","NY",4
"286","1970-07","WA",1
"287","1970-08","TX",7
"288","1970-09","AZ",6
"289","1970-09","CA",6
"290","1970-09","CO",16
"291","1970-10","OK",15
"292","1970-10","PR",60
"293","1970-10","VI",2
"294","1971-02","CA",1
"295","1971-02","MS",23
"296","1971-02","NE",19
"297","1971-02","OR",2
"298","1971-02","WA",7
"299","1971-03","FL",6
"300","1971-04","OK",1
"301","1971-05","FM",1
"302","1971-05","KY",8
"303","1971-05","TN",3
"304","1971-06","AK",2
"305","1971-07","NE",9
"306","1971-08","MD",9
"307","1971-09","NJ",21
"308","1971-09","NY",13
"309","1971-09","OK",6
"310","1971-09","PA",7
"311","1971-09","TX",15
"312","1971-10","LA",21
"313","1972-01","AR",27
"314","1972-01","CA",1
"315","1972-01","MS",9
"316","1972-01","OK",12
"317","1972-01","OR",10
"318","1972-01","TX",6
"319","1972-02","WA",9
"320","1972-02","WV",7
"321","1972-03","ID",1
"322","1972-03","MA",4
"323","1972-03","ME",7
"324","1972-03","NH",1
"325","1972-03","WA",3
"326","1972-04","CA",2
"327","1972-04","MI",9
"328","1972-05","KY",10
"329","1972-05","TN",4
"330","1972-05","TX",7
"331","1972-06","CA",1
"332","1972-06","FL",14
"333","1972-06","MD",21
"334","1972-06","ND",7
"335","1972-06","NY",26
"336","1972-06","PA",67
"337","1972-06","SD",4
"338","1972-06","VA",106
"339","1972-06","WA",3
"340","1972-07","AZ",3
"341","1972-07","OH",7
"342","1972-07","WV",15
"343","1972-08","IA",4
"344","1972-08","MN",18
"345","1972-08","NM",1
"346","1972-08","WV",4
"347","1972-09","IA",17
"348","1972-09","IL",3
"349","1972-09","MA",8
"350","1972-09","ME",8
"351","1972-09","NM",2
"352","1972-09","PA",1
"353","1972-09","WI",4
"354","1972-10","AZ",2
"355","1972-10","VA",34
"356","1972-11","NM",3
"357","1972-11","OH",5
"358","1972-12","MI",9
"359","1973-02","CA",6
"360","1973-03","AL",28
"361","1973-03","MS",52
"362","1973-03","NY",8
"363","1973-03","TN",47
"364","1973-03","TX",5
"365","1973-04","AR",43
"366","1973-04","GA",14
"367","1973-04","IL",52
"368","1973-04","LA",37
"369","1973-04","MI",14
"370","1973-04","MO",94
"371","1973-04","OH",8
"372","1973-04","WI",34
"373","1973-05","AK",1
"374","1973-05","AL",12
"375","1973-05","AR",5
"376","1973-05","CO",17
"377","1973-05","FL",13
"378","1973-05","HI",1
"379","1973-05","IA",26
"380","1973-05","KS",64
"381","1973-05","KY",5
"382","1973-05","ME",3
"383","1973-05","NM",11
"384","1973-05","TN",6
"385","1973-06","GA",1
"386","1973-06","NC",9
"387","1973-06","OH",2
"388","1973-06","OK",31
"389","1973-06","TN",12
"390","1973-06","TX",4
"391","1973-07","CO",16
"392","1973-07","NH",10
"393","1973-07","NY",6
"394","1973-07","PA",10
"395","1973-07","TX",13
"396","1973-07","VT",14
"397","1973-08","MT",3
"398","1973-08","NJ",4
"399","1973-08","OR",3
"400","1973-09","KS",53
"401","1973-09","OR",2
"402","1973-10","MA",1
"403","1973-10","NE",15
"404","1973-10","OK",5
"405","1973-11","AK",1
"406","1973-11","MO",36
"407","1973-12","OK",15
"408","1974-01","CA",7
"409","1974-01","ID",9
"410","1974-01","ME",12
"411","1974-01","MT",7
"412","1974-01","NH",4
"413","1974-01","OR",19
"414","1974-01","WA",13
"415","1974-01","WV",5
"416","1974-02","LA",6
"417","1974-03","OK",6
"418","1974-04","AL",20
"419","1974-04","GA",20
"420","1974-04","IL",4
"421","1974-04","IN",39
"422","1974-04","KY",34
"423","1974-04","MI",1
"424","1974-04","MS",30
"425","1974-04","NC",6
"426","1974-04","OH",14
"427","1974-04","TN",45
"428","1974-04","WI",4
"429","1974-04","WV",4
"430","1974-05","AR",1
"431","1974-05","CA",1
"432","1974-05","HI",2
"433","1974-05","ND",18
"434","1974-05","NM",1
"435","1974-05","OH",3
"436","1974-06","AK",2
"437","1974-06","AR",8
"438","1974-06","IA",39
"439","1974-06","IL",46
"440","1974-06","KS",1
"441","1974-06","MN",12
"442","1974-06","MO",22
"443","1974-06","OK",20
"444","1974-07","MN",6
"445","1974-07","NY",4
"446","1974-07","OH",1
"447","1974-07","SD",1
"448","1974-07","VI",2
"449","1974-08","PR",24
"450","1974-09","AK",1
"451","1974-09","AS",5
"452","1974-09","LA",10
"453","1974-11","AK",1
"454","1974-11","LA",1
"455","1974-11","NY",1
"456","1974-11","OK",13
"457","1974-11","PR",52
"458","1974-11","TX",10
"459","1974-11","VI",3
"460","1974-12","NJ",1
"461","1975-01","AL",5
"462","1975-01","MS",4
"463","1975-02","TX",1
"464","1975-03","AL",23
"465","1975-03","GA",2
"466","1975-03","KY",18
"467","1975-03","TN",46
"468","1975-04","AL",8
"469","1975-04","AR",1
"470","1975-04","LA",7
"471","1975-04","MI",17
"472","1975-04","MS",5
"473","1975-04","TX",1
"474","1975-05","KY",4
"475","1975-05","MO",4
"476","1975-05","ND",15
"477","1975-05","NE",2
"478","1975-06","AR",7
"479","1975-06","LA",12
"480","1975-06","MT",14
"481","1975-07","IL",1
"482","1975-07","MN",18
"483","1975-07","ND",13
"484","1975-07","NJ",13
"485","1975-07","OK",10
"486","1975-07","SD",1
"487","1975-08","FL",8
"488","1975-09","FL",6
"489","1975-09","MI",16
"490","1975-09","OH",4
"491","1975-09","PA",30
"492","1975-09","PR",78
"493","1975-09","WI",4
"494","1975-09","WV",2
"495","1975-10","AL",15
"496","1975-10","MD",14
"497","1975-10","NY",16
"498","1975-12","AK",1
"499","1975-12","HI",1
"500","1975-12","OK",2
"501","1975-12","WA",12
"502","1976-03","MI",29
"503","1976-03","NY",7
"504","1976-03","WI",22
"505","1976-04","AR",4
"506","1976-04","MS",4
"507","1976-04","ND",10
"508","1976-04","NE",20
"509","1976-04","OK",2
"510","1976-05","GU",1
"511","1976-06","GA",8
"512","1976-06","ID",5
"513","1976-06","IL",2
"514","1976-06","MN",78
"515","1976-06","MP",1
"516","1976-06","NY",2
"517","1976-06","OK",2
"518","1976-06","SD",66
"519","1976-06","TX",1
"520","1976-06","WI",66
"521","1976-07","KS",10
"522","1976-07","MO",4
"523","1976-07","ND",18
"524","1976-07","NY",7
"525","1976-07","PA",2
"526","1976-08","CO",4
"527","1976-08","NJ",4
"528","1976-08","VT",12
"529","1976-09","CA",3
"530","1976-09","MN",6
"531","1976-09","MO",94
"532","1976-09","NY",3
"533","1976-10","MD",2
"534","1976-10","MN",1
"535","1976-10","PA",21
"536","1976-10","VA",38
"537","1976-12","AR",32
"538","1977-01","CA",47
"539","1977-01","CO",42
"540","1977-01","FL",35
"541","1977-01","MD",16
"542","1977-01","NE",2
"543","1977-01","NY",9
"544","1977-01","OK",1
"545","1977-01","PA",21
"546","1977-01","UT",27
"547","1977-01","VA",39
"548","1977-01","WV",12
"549","1977-02","IN",40
"550","1977-02","LA",34
"551","1977-02","MI",12
"552","1977-02","MS",72
"553","1977-02","NJ",10
"554","1977-02","NY",9
"555","1977-02","OH",47
"556","1977-03","IA",3
"557","1977-03","MI",44
"558","1977-03","NC",30
"559","1977-03","NM",8
"560","1977-03","WA",16
"561","1977-04","AL",9
"562","1977-04","AZ",8
"563","1977-04","KY",15
"564","1977-04","OR",19
"565","1977-04","TN",6
"566","1977-04","VA",16
"567","1977-04","WV",11
"568","1977-05","ID",9
"569","1977-05","LA",8
"570","1977-05","MO",7
"571","1977-06","GA",6
"572","1977-06","NM",1
"573","1977-06","NV",5
"574","1977-06","VI",3
"575","1977-06","WY",4
"576","1977-07","AL",67
"577","1977-07","GA",144
"578","1977-07","ME",1
"579","1977-07","MT",1
"580","1977-07","PA",8
"581","1977-07","VA",62
"582","1977-08","CA",1
"583","1977-08","ID",1
"584","1977-08","MT",6
"585","1977-08","NC",49
"586","1977-08","SC",31
"587","1977-08","WI",10
"588","1977-08","WV",12
"589","1977-09","KS",10
"590","1977-09","MO",6
"591","1977-09","VT",1
"592","1977-11","AZ",3
"593","1977-11","GA",1
"594","1977-11","NC",16
"595","1977-11","TN",6
"596","1977-11","VA",8
"597","1977-12","WA",18
"598","1978-01","AR",3
"599","1978-01","IN",1
"600","1978-01","MI",83
"601","1978-01","OH",88
"602","1978-02","CA",14
"603","1978-02","CT",8
"604","1978-02","MA",9
"605","1978-02","ME",4
"606","1978-02","ND",9
"607","1978-02","NH",1
"608","1978-02","RI",10
"609","1978-03","AZ",10
"610","1978-03","IN",2
"611","1978-03","NE",21
"612","1978-04","AL",2
"613","1978-04","AR",1
"614","1978-04","MN",10
"615","1978-04","MS",15
"616","1978-04","ND",25
"617","1978-05","LA",4
"618","1978-05","MT",7
"619","1978-05","WY",12
"620","1978-07","MN",17
"621","1978-07","ND",1
"622","1978-07","WI",16
"623","1978-08","AL",1
"624","1978-08","MP",1
"625","1978-08","NY",1
"626","1978-08","OR",1
"627","1978-08","TX",8
"628","1978-09","AR",2
"629","1978-09","CO",1
"630","1978-09","LA",2
"631","1978-10","CA",2
"632","1978-12","AZ",6
"633","1978-12","KY",37
"634","1978-12","LA",2
"635","1978-12","WV",5
"636","1979-01","IL",24
"637","1979-01","NM",5
"638","1979-01","WI",3
"639","1979-03","AL",9
"640","1979-03","FL",2
"641","1979-03","GA",3
"642","1979-03","HI",1
"643","1979-03","MO",2
"644","1979-03","NH",1
"645","1979-03","WA",1
"646","1979-04","AL",28
"647","1979-04","AR",8
"648","1979-04","IA",5
"649","1979-04","IL",29
"650","1979-04","MN",11
"651","1979-04","MO",17
"652","1979-04","MS",41
"653","1979-04","ND",42
"654","1979-04","OK",6
"655","1979-04","TX",12
"656","1979-05","FL",4
"657","1979-05","LA",10
"658","1979-05","TN",14
"659","1979-06","KS",2
"660","1979-06","NM",6
"661","1979-06","NV",1
"662","1979-06","TX",1
"663","1979-07","CA",1
"664","1979-07","IA",8
"665","1979-07","IN",18
"666","1979-07","KY",1
"667","1979-07","OR",2
"668","1979-07","TX",6
"669","1979-07","VA",1
"670","1979-07","WA",1
"671","1979-07","WY",1
"672","1979-08","ID",1
"673","1979-08","MT",1
"674","1979-08","OR",1
"675","1979-09","AL",11
"676","1979-09","FL",8
"677","1979-09","LA",3
"678","1979-09","MD",5
"679","1979-09","MS",16
"680","1979-09","NC",1
"681","1979-09","PR",72
"682","1979-09","TX",7
"683","1979-09","VA",1
"684","1979-09","VI",3
"685","1979-10","CA",1
"686","1979-10","CT",1
"687","1979-11","AS",5
"688","1979-12","FM",1
"689","1979-12","WA",9
"690","1980-01","CA",8
"691","1980-02","AZ",5
"692","1980-02","CA",3
"693","1980-02","HI",1
"694","1980-04","AL",2
"695","1980-04","AR",5
"696","1980-04","LA",12
"697","1980-04","MS",8
"698","1980-04","WI",1
"699","1980-05","FL",4
"700","1980-05","ID",8
"701","1980-05","LA",6
"702","1980-05","MI",2
"703","1980-05","MO",1
"704","1980-05","NY",1
"705","1980-05","WA",39
"706","1980-06","CO",1
"707","1980-06","NE",3
"708","1980-06","PA",4
"709","1980-07","WI",4
"710","1980-08","OH",7
"711","1980-08","PA",3
"712","1980-08","TX",12
"713","1980-08","WV",15
"714","1980-09","ME",8
"715","1980-09","MI",10
"716","1980-09","TX",2
"717","1980-10","CA",1
"718","1980-10","NJ",21
"719","1980-11","CA",4
"720","1980-11","MP",1
"721","1981-03","AS",5
"722","1981-03","KY",1
"723","1981-04","AL",1
"724","1981-05","AL",1
"725","1981-05","MT",10
"726","1981-06","IL",4
"727","1981-06","OH",4
"728","1981-06","PA",5
"729","1981-07","KS",2
"730","1981-07","OR",1
"731","1981-08","NV",2
"732","1981-09","FM",1
"733","1981-09","OR",1
"734","1981-09","TX",1
"735","1981-10","TX",9
"736","1981-11","OK",6
"737","1981-12","CA",10
"738","1981-12","MA",1
"739","1982-03","IN",5
"740","1982-03","MI",2
"741","1982-03","OH",5
"742","1982-04","AR",12
"743","1982-04","CA",1
"744","1982-04","HI",1
"745","1982-04","MS",3
"746","1982-04","TX",1
"747","1982-05","ND",3
"748","1982-05","TX",1
"749","1982-06","CT",8
"750","1982-06","IL",2
"751","1982-06","KS",1
"752","1982-06","OK",9
"753","1982-07","CO",1
"754","1982-07","FL",4
"755","1982-08","CA",1
"756","1982-08","MO",3
"757","1982-08","TN",5
"758","1982-08","WA",1
"759","1982-09","KY",1
"760","1982-09","TN",1
"761","1982-11","HI",2
"762","1982-12","AR",38
"763","1982-12","IL",23
"764","1982-12","MO",14
"765","1983-01","CA",40
"766","1983-01","HI",1
"767","1983-01","LA",19
"768","1983-01","WA",1
"769","1983-03","HI",1
"770","1983-04","LA",10
"771","1983-04","MS",15
"772","1983-04","UT",22
"773","1983-04","VI",2
"774","1983-05","CA",1
"775","1983-06","AZ",3
"776","1983-06","CA",3
"777","1983-06","IL",14
"778","1983-06","MS",16
"779","1983-06","OK",1
"780","1983-07","AR",5
"781","1983-07","NV",1
"782","1983-08","CA",2
"783","1983-08","TX",9
"784","1983-09","AZ",11
"785","1983-09","NM",3
"786","1983-10","ID",3
"787","1983-10","OK",18
"788","1983-12","AL",4
"789","1983-12","FL",5
"790","1983-12","MS",1
"791","1983-12","TX",6
"792","1984-01","ID",1
"793","1984-03","MS",6
"794","1984-03","NC",14
"795","1984-03","NJ",8
"796","1984-03","NY",12
"797","1984-03","SC",7
"798","1984-04","NE",1
"799","1984-04","OK",8
"800","1984-05","AL",4
"801","1984-05","CT",6
"802","1984-05","GA",6
"803","1984-05","KY",28
"804","1984-05","LA",1
"805","1984-05","OK",4
"806","1984-05","TN",10
"807","1984-05","VA",3
"808","1984-05","WV",4
"809","1984-06","IA",5
"810","1984-06","KS",6
"811","1984-06","MO",11
"812","1984-06","NE",24
"813","1984-06","SD",16
"814","1984-06","VT",5
"815","1984-06","WI",2
"816","1984-07","CO",15
"817","1984-07","WI",3
"818","1984-08","MT",3
"819","1984-08","NM",3
"820","1984-08","OR",1
"821","1984-08","PA",7
"822","1984-08","UT",12
"823","1984-09","NC",6
"824","1984-09","NV",1
"825","1984-09","NY",3
"826","1984-09","TX",1
"827","1984-10","LA",4
"828","1984-10","TX",3
"829","1984-11","VI",3
"830","1985-01","AZ",2
"831","1985-01","NM",5
"832","1985-02","IL",23
"833","1985-03","FL",20
"834","1985-03","NY",4
"835","1985-05","FL",4
"836","1985-05","OH",6
"837","1985-05","PA",11
"838","1985-05","PR",20
"839","1985-06","CA",6
"840","1985-07","CA",2
"841","1985-07","SD",2
"842","1985-08","AL",2
"843","1985-08","FL",7
"844","1985-08","MS",4
"845","1985-08","WA",1
"846","1985-08","WY",1
"847","1985-09","CT",8
"848","1985-09","MA",13
"849","1985-09","MI",21
"850","1985-09","NJ",4
"851","1985-09","NY",2
"852","1985-09","PA",6
"853","1985-09","RI",5
"854","1985-10","LA",14
"855","1985-10","PR",48
"856","1985-11","FL",8
"857","1985-11","MD",1
"858","1985-11","PA",6
"859","1985-11","VA",52
"860","1985-11","WV",29
"861","1986-01","WA",3
"862","1986-02","CA",39
"863","1986-02","MT",16
"864","1986-02","NV",6
"865","1986-02","UT",4
"866","1986-02","WA",1
"867","1986-03","IN",1
"868","1986-03","SD",25
"869","1986-04","PR",31
"870","1986-04","TX",1
"871","1986-05","FM",1
"872","1986-05","NC",1
"873","1986-05","PA",1
"874","1986-05","TX",1
"875","1986-05","WA",1
"876","1986-07","NH",3
"877","1986-08","WI",2
"878","1986-09","AK",2
"879","1986-09","IL",8
"880","1986-09","MI",30
"881","1986-09","MO",30
"882","1986-09","MT",7
"883","1986-09","OK",41
"884","1986-09","WI",8
"885","1986-10","AK",4
"886","1986-10","KS",10
"887","1986-11","WA",7
"888","1986-12","MP",1
"889","1987-01","AS",5
"890","1987-01","FM",1
"891","1987-02","MH",1
"892","1987-02","MS",1
"893","1987-02","WY",1
"894","1987-03","MA",8
"895","1987-03","ME",14
"896","1987-03","NH",8
"897","1987-04","NY",5
"898","1987-05","IA",4
"899","1987-05","OK",16
"900","1987-05","TX",2
"901","1987-07","MN",10
"902","1987-07","OH",4
"903","1987-07","OR",1
"904","1987-07","SD",1
"905","1987-08","IL",3
"906","1987-08","OR",3
"907","1987-09","CA",1
"908","1987-10","CA",2
"909","1987-10","MP",3
"910","1987-10","NY",9
"911","1987-10","OR",1
"912","1987-11","FM",1
"913","1987-11","HI",1
"914","1987-11","LA",10
"915","1987-11","PR",32
"916","1987-11","TX",10
"917","1987-12","AR",12
"918","1988-01","CA",5
"919","1988-01","GU",1
"920","1988-01","MH",1
"921","1988-01","MP",1
"922","1988-02","AK",1
"923","1988-03","TX",1
"924","1988-07","IA",1
"925","1988-07","SD",1
"926","1988-08","OR",1
"927","1988-09","CA",5
"928","1988-09","SD",1
"929","1988-09","TX",3
"930","1988-09","WA",1
"931","1988-11","AR",24
"932","1988-11","NC",9
"933","1989-01","AK",12
"934","1989-01","IL",5
"935","1989-01","KY",67
"936","1989-01","UT",1
"937","1989-03","MN",8
"938","1989-03","ND",6
"939","1989-03","TX",9
"940","1989-03","WA",4
"941","1989-05","AK",3
"942","1989-05","LA",30
"943","1989-05","ME",4
"944","1989-05","NC",13
"945","1989-05","OH",13
"946","1989-05","TX",87
"947","1989-06","DC",1
"948","1989-06","KY",12
"949","1989-06","LA",28
"950","1989-06","MD",1
"951","1989-06","TX",9
"952","1989-07","CO",1
"953","1989-07","CT",2
"954","1989-08","VT",5
"955","1989-09","NC",29
"956","1989-09","PR",57
"957","1989-09","SC",24
"958","1989-09","VI",3
"959","1989-10","CA",12
"960","1989-10","KY",11
"961","1989-10","VA",1
"962","1989-11","AL",2
"963","1989-11","LA",3
"964","1989-12","FL",32
"965","1989-12","TX",10
"966","1990-01","MP",4
"967","1990-01","MS",35
"968","1990-01","OR",2
"969","1990-01","WA",7
"970","1990-02","AL",27
"971","1990-02","AS",5
"972","1990-02","GA",38
"973","1990-02","IL",10
"974","1990-02","TN",3
"975","1990-03","AL",33
"976","1990-03","FL",11
"977","1990-03","NY",13
"978","1990-04","OK",39
"979","1990-04","TX",64
"980","1990-05","AR",37
"981","1990-05","IA",39
"982","1990-05","IL",16
"983","1990-05","IN",30
"984","1990-05","MO",10
"985","1990-05","OH",25
"986","1990-06","AZ",1
"987","1990-06","CA",4
"988","1990-06","NE",23
"989","1990-06","WI",17
"990","1990-07","AK",1
"991","1990-07","AZ",8
"992","1990-07","IA",17
"993","1990-07","VT",5
"994","1990-08","IL",3
"995","1990-08","NH",8
"996","1990-08","OR",1
"997","1990-08","WI",1
"998","1990-10","GA",9
"999","1990-10","SC",13
"1000","1990-11","CO",1
"1001","1990-11","FM",2
"1002","1990-11","IN",1
"1003","1990-11","PW",1
"1004","1990-11","WA",19
"1005","1990-12","AL",12
"1006","1990-12","CA",33
"1007","1990-12","FM",1
"1008","1990-12","GU",1
"1009","1990-12","IN",73
"1010","1990-12","KY",19
"1011","1990-12","MS",12
"1012","1990-12","TN",22
"1013","1990-12","WA",10
"1014","1991-02","MS",18
"1015","1991-03","GA",15
"1016","1991-03","IN",26
"1017","1991-04","AK",4
"1018","1991-04","AR",21
"1019","1991-04","KS",6
"1020","1991-04","LA",53
"1021","1991-04","ME",1
"1022","1991-04","MS",42
"1023","1991-04","OK",6
"1024","1991-04","TX",5
"1025","1991-05","NE",7
"1026","1991-05","TN",9
"1027","1991-06","IA",16
"1028","1991-07","AK",1
"1029","1991-07","WI",5
"1030","1991-08","CT",6
"1031","1991-08","MA",11
"1032","1991-08","ME",9
"1033","1991-08","NH",4
"1034","1991-08","NY",1
"1035","1991-08","RI",5
"1036","1991-10","CA",1
"1037","1991-10","IA",44
"1038","1991-10","MA",7
"1039","1991-10","ME",5
"1040","1991-10","MN",12
"1041","1991-10","NH",1
"1042","1991-10","WA",7
"1043","1991-11","FM",3
"1044","1991-11","GU",1
"1045","1991-11","MH",8
"1046","1991-12","AS",5
"1047","1991-12","TX",65
"1048","1992-01","DE",2
"1049","1992-01","FM",3
"1050","1992-01","MH",6
"1051","1992-01","NJ",5
"1052","1992-01","PR",35
"1053","1992-02","CA",5
"1054","1992-03","FM",2
"1055","1992-03","ME",10
"1056","1992-03","MS",4
"1057","1992-03","TX",3
"1058","1992-03","VT",5
"1059","1992-04","CA",2
"1060","1992-04","IL",1
"1061","1992-04","VA",28
"1062","1992-05","ME",1
"1063","1992-05","NM",1
"1064","1992-05","TX",26
"1065","1992-06","AR",5
"1066","1992-06","CA",2
"1067","1992-06","FL",4
"1068","1992-06","IN",15
"1069","1992-06","MN",10
"1070","1992-06","OR",2
"1071","1992-06","SD",8
"1072","1992-06","TX",3
"1073","1992-06","WI",1
"1074","1992-07","NE",8
"1075","1992-07","OH",24
"1076","1992-08","CA",2
"1077","1992-08","FL",4
"1078","1992-08","GU",1
"1079","1992-08","IN",6
"1080","1992-08","LA",36
"1081","1992-08","OR",2
"1082","1992-08","RI",2
"1083","1992-08","WA",1
"1084","1992-08","WI",1
"1085","1992-09","HI",6
"1086","1992-09","IA",9
"1087","1992-09","WI",10
"1088","1992-10","FL",7
"1089","1992-10","MS",1
"1090","1992-11","GA",14
"1091","1992-11","MH",11
"1092","1992-11","MS",21
"1093","1992-11","TX",1
"1094","1992-12","CT",3
"1095","1992-12","DE",1
"1096","1992-12","MA",9
"1097","1992-12","NJ",12
"1098","1992-12","NY",5
"1099","1993-01","AZ",13
"1100","1993-01","CA",27
"1101","1993-01","LA",9
"1102","1993-01","NM",4
"1103","1993-01","WA",7
"1104","1993-02","GA",8
"1105","1993-02","NY",1
"1106","1993-03","AL",67
"1107","1993-03","CT",8
"1108","1993-03","DC",1
"1109","1993-03","DE",3
"1110","1993-03","FL",38
"1111","1993-03","GA",93
"1112","1993-03","IA",15
"1113","1993-03","KY",73
"1114","1993-03","MA",14
"1115","1993-03","MD",24
"1116","1993-03","ME",16
"1117","1993-03","NC",59
"1118","1993-03","NE",13
"1119","1993-03","NH",10
"1120","1993-03","NJ",21
"1121","1993-03","NY",62
"1122","1993-03","OR",4
"1123","1993-03","PA",67
"1124","1993-03","RI",5
"1125","1993-03","TN",57
"1126","1993-03","VA",136
"1127","1993-03","WV",55
"1128","1993-04","IA",99
"1129","1993-04","IL",39
"1130","1993-04","ME",12
"1131","1993-04","MO",8
"1132","1993-04","OK",4
"1133","1993-04","TX",1
"1134","1993-04","VT",4
"1135","1993-05","MN",57
"1136","1993-05","OK",44
"1137","1993-05","SD",39
"1138","1993-05","TX",1
"1139","1993-06","AZ",3
"1140","1993-06","KS",57
"1141","1993-06","MO",105
"1142","1993-06","ND",39
"1143","1993-06","NE",52
"1144","1993-06","WI",47
"1145","1993-07","AZ",1
"1146","1993-08","IN",6
"1147","1993-08","NC",1
"1148","1993-08","TX",150
"1149","1993-08","VA",1
"1150","1993-09","OR",1
"1151","1993-10","CA",6
"1152","1993-11","MO",24
"1153","1994-01","AL",10
"1154","1994-01","CA",3
"1155","1994-01","DC",1
"1156","1994-01","MI",10
"1157","1994-01","PA",44
"1158","1994-02","AR",17
"1159","1994-02","DE",2
"1160","1994-02","KY",68
"1161","1994-02","LA",8
"1162","1994-02","MD",9
"1163","1994-02","MS",26
"1164","1994-02","TN",71
"1165","1994-02","VA",72
"1166","1994-03","AL",7
"1167","1994-03","GA",12
"1168","1994-03","ND",25
"1169","1994-03","SD",21
"1170","1994-03","TN",17
"1171","1994-03","VA",33
"1172","1994-04","AZ",1
"1173","1994-04","IL",16
"1174","1994-04","ME",1
"1175","1994-04","MO",18
"1176","1994-04","NE",15
"1177","1994-04","OK",1
"1178","1994-04","TX",3
"1179","1994-05","CA",4
"1180","1994-05","OR",8
"1181","1994-05","WA",6
"1182","1994-06","AZ",4
"1183","1994-06","MH",1
"1184","1994-07","AL",10
"1185","1994-07","CO",3
"1186","1994-07","FL",26
"1187","1994-07","GA",55
"1188","1994-07","TX",1
"1189","1994-07","WA",4
"1190","1994-08","AK",3
"1191","1994-08","MT",2
"1192","1994-08","NV",1
"1193","1994-08","OR",1
"1194","1994-08","SD",1
"1195","1994-08","UT",2
"1196","1994-10","GA",13
"1197","1994-10","TX",38
"1198","1994-11","FL",2
"1199","1995-01","CA",42
"1200","1995-01","SD",21
"1201","1995-02","AL",5
"1202","1995-02","CA",57
"1203","1995-03","ND",32
"1204","1995-03","SD",53
"1205","1995-04","OK",2
"1206","1995-05","IL",19
"1207","1995-05","KY",32
"1208","1995-05","LA",12
"1209","1995-05","MO",62
"1210","1995-05","MS",4
"1211","1995-05","OK",29
"1212","1995-05","TN",5
"1213","1995-05","TX",1
"1214","1995-06","AZ",1
"1215","1995-06","VA",24
"1216","1995-06","WV",3
"1217","1995-07","AZ",1
"1218","1995-07","MN",15
"1219","1995-07","OK",17
"1220","1995-07","OR",1
"1221","1995-08","FL",7
"1222","1995-08","NY",1
"1223","1995-08","OH",11
"1224","1995-08","VT",6
"1225","1995-09","AK",4
"1226","1995-09","MA",1
"1227","1995-09","PR",14
"1228","1995-09","VI",3
"1229","1995-10","AL",38
"1230","1995-10","FL",18
"1231","1995-10","GA",50
"1232","1995-10","MN",4
"1233","1995-10","NC",15
"1234","1995-10","NH",6
"1235","1995-10","SD",26
"1236","1995-11","GA",1
"1237","1995-11","WA",19
"1238","1996-01","CT",8
"1239","1996-01","DC",1
"1240","1996-01","DE",3
"1241","1996-01","IN",56
"1242","1996-01","KY",120
"1243","1996-01","MA",14
"1244","1996-01","MD",30
"1245","1996-01","ME",7
"1246","1996-01","NC",70
"1247","1996-01","NJ",21
"1248","1996-01","NY",60
"1249","1996-01","OH",13
"1250","1996-01","PA",118
"1251","1996-01","RI",5
"1252","1996-01","VA",163
"1253","1996-01","VT",11
"1254","1996-01","WA",24
"1255","1996-01","WV",83
"1256","1996-02","AL",14
"1257","1996-02","ID",10
"1258","1996-02","MT",14
"1259","1996-02","NC",34
"1260","1996-02","OK",10
"1261","1996-02","OR",27
"1262","1996-02","TX",53
"1263","1996-03","AL",3
"1264","1996-03","MN",26
"1265","1996-03","MT",6
"1266","1996-03","ND",33
"1267","1996-03","OK",3
"1268","1996-03","TX",38
"1269","1996-04","AR",6
"1270","1996-04","IL",33
"1271","1996-04","IN",29
"1272","1996-04","ME",5
"1273","1996-04","OK",1
"1274","1996-04","TX",10
"1275","1996-05","AZ",1
"1276","1996-05","CO",1
"1277","1996-05","IA",16
"1278","1996-05","KY",4
"1279","1996-05","NE",4
"1280","1996-05","NM",1
"1281","1996-05","OH",16
"1282","1996-05","TX",2
"1283","1996-05","WV",17
"1284","1996-06","AK",2
"1285","1996-06","AZ",2
"1286","1996-06","IA",15
"1287","1996-06","MI",7
"1288","1996-06","NV",1
"1289","1996-06","PA",5
"1290","1996-06","VT",1
"1291","1996-07","IL",11
"1292","1996-07","NC",17
"1293","1996-07","PA",10
"1294","1996-07","TX",1
"1295","1996-07","VI",3
"1296","1996-07","WI",2
"1297","1996-07","WV",10
"1298","1996-08","NV",3
"1299","1996-08","OR",2
"1300","1996-08","WA",1
"1301","1996-09","MD",3
"1302","1996-09","MT",1
"1303","1996-09","NC",58
"1304","1996-09","PA",6
"1305","1996-09","PR",71
"1306","1996-09","SC",5
"1307","1996-09","VA",88
"1308","1996-09","WV",10
"1309","1996-10","CA",4
"1310","1996-10","FL",16
"1311","1996-10","MA",10
"1312","1996-10","ME",5
"1313","1996-10","NH",6
"1314","1996-10","NJ",5
"1315","1996-10","NY",4
"1316","1996-11","HI",2
"1317","1996-11","ID",18
"1318","1996-11","MN",12
"1319","1996-11","NY",12
"1320","1996-11","OR",3
"1321","1996-11","PA",1
"1322","1996-11","PR",1
"1323","1996-11","RI",2
"1324","1996-11","SD",10
"1325","1996-11","WA",3
"1326","1996-12","CA",48
"1327","1996-12","FM",1
"1328","1996-12","NV",7
"1329","1996-12","OR",24
"1330","1996-12","WA",38
"1331","1997-01","LA",3
"1332","1997-01","MN",55
"1333","1997-01","ND",53
"1334","1997-01","SD",67
"1335","1997-02","IN",13
"1336","1997-02","MS",4
"1337","1997-02","ND",53
"1338","1997-02","OH",18
"1339","1997-02","SD",66
"1340","1997-02","TN",29
"1341","1997-02","WV",16
"1342","1997-03","AR",25
"1343","1997-03","ID",12
"1344","1997-03","IL",6
"1345","1997-03","KY",101
"1346","1997-03","MN",59
"1347","1997-03","MT",23
"1348","1997-03","TN",6
"1349","1997-03","WA",13
"1350","1997-04","AR",28
"1351","1997-04","WA",1
"1352","1997-06","MN",7
"1353","1997-06","TX",21
"1354","1997-06","WI",4
"1355","1997-07","AL",3
"1356","1997-07","CO",13
"1357","1997-07","MI",5
"1358","1997-07","VT",5
"1359","1997-07","WA",1
"1360","1997-08","IL",1
"1361","1997-08","NJ",1
"1362","1997-08","WA",1
"1363","1997-09","WA",1
"1364","1997-10","IA",13
"1365","1997-10","NE",39
"1366","1997-11","MP",3
"1367","1997-12","FL",55
"1368","1997-12","GU",1
"1369","1997-12","MP",1
"1370","1997-12","NM",10
"1371","1998-01","DE",1
"1372","1998-01","FM",3
"1373","1998-01","ME",16
"1374","1998-01","MH",25
"1375","1998-01","NC",10
"1376","1998-01","NH",9
"1377","1998-01","NY",10
"1378","1998-01","TN",39
"1379","1998-01","VT",6
"1380","1998-02","CA",41
"1381","1998-02","FL",3
"1382","1998-02","GA",119
"1383","1998-02","HI",1
"1384","1998-02","KY",40
"1385","1998-02","NJ",3
"1386","1998-03","AL",12
"1387","1998-03","GU",1
"1388","1998-03","HI",1
"1389","1998-03","IN",9
"1390","1998-03","MN",7
"1391","1998-03","NC",7
"1392","1998-03","ND",16
"1393","1998-03","WA",1
"1394","1998-04","AL",6
"1395","1998-04","AR",1
"1396","1998-04","KY",21
"1397","1998-04","SD",9
"1398","1998-04","TN",43
"1399","1998-05","FL",67
"1400","1998-05","MI",13
"1401","1998-05","MN",19
"1402","1998-05","NY",6
"1403","1998-05","OR",1
"1404","1998-05","PA",7
"1405","1998-05","TX",2
"1406","1998-05","WA",2
"1407","1998-06","FL",13
"1408","1998-06","IA",83
"1409","1998-06","IN",25
"1410","1998-06","KS",2
"1411","1998-06","MA",7
"1412","1998-06","ME",6
"1413","1998-06","NH",7
"1414","1998-06","NM",2
"1415","1998-06","NY",15
"1416","1998-06","OH",23
"1417","1998-06","TX",4
"1418","1998-06","VT",11
"1419","1998-06","WI",14
"1420","1998-06","WV",21
"1421","1998-07","MI",2
"1422","1998-07","MO",3
"1423","1998-07","OK",1
"1424","1998-07","TN",2
"1425","1998-07","TX",14
"1426","1998-07","WA",1
"1427","1998-08","HI",1
"1428","1998-08","NC",30
"1429","1998-08","SC",1
"1430","1998-08","TX",263
"1431","1998-08","VA",5
"1432","1998-08","WI",5
"1433","1998-09","AL",27
"1434","1998-09","FL",57
"1435","1998-09","LA",22
"1436","1998-09","MS",35
"1437","1998-09","NY",11
"1438","1998-09","OK",2
"1439","1998-09","PR",80
"1440","1998-09","TX",13
"1441","1998-09","VI",5
"1442","1998-09","WA",2
"1443","1998-10","KS",32
"1444","1998-10","ME",2
"1445","1998-10","MO",19
"1446","1998-10","TX",43
"1447","1998-10","WY",2
"1448","1998-11","FL",2
"1449","1998-12","AL",12
"1450","1998-12","CA",8
"1451","1998-12","LA",18
"1452","1998-12","MS",34
"1453","1998-12","TN",33
"1454","1999-01","AR",22
"1455","1999-01","IL",52
"1456","1999-01","IN",57
"1457","1999-01","MI",31
"1458","1999-01","NY",10
"1459","1999-01","TN",24
"1460","1999-03","MN",7
"1461","1999-03","ND",46
"1462","1999-03","NY",6
"1463","1999-03","TX",1
"1464","1999-04","CO",12
"1465","1999-04","FL",96
"1466","1999-04","GA",2
"1467","1999-04","LA",5
"1468","1999-04","MO",6
"1469","1999-04","TN",3
"1470","1999-05","FL",3
"1471","1999-05","IA",17
"1472","1999-05","IL",1
"1473","1999-05","KS",3
"1474","1999-05","MI",1
"1475","1999-05","OK",19
"1476","1999-05","TN",18
"1477","1999-05","TX",4
"1478","1999-06","AZ",2
"1479","1999-06","NV",1
"1480","1999-06","SD",2
"1481","1999-07","IA",21
"1482","1999-07","MN",9
"1483","1999-07","MT",1
"1484","1999-07","NM",8
"1485","1999-07","NV",2
"1486","1999-07","WI",10
"1487","1999-08","CA",10
"1488","1999-08","NC",17
"1489","1999-08","NE",3
"1490","1999-08","NV",4
"1491","1999-08","NY",1
"1492","1999-08","PA",2
"1493","1999-08","TX",244
"1494","1999-08","UT",1
"1495","1999-08","VA",1
"1496","1999-09","AL",6
"1497","1999-09","AZ",2
"1498","1999-09","CT",3
"1499","1999-09","DE",1
"1500","1999-09","FL",24
"1501","1999-09","GA",6
"1502","1999-09","MD",11
"1503","1999-09","ME",5
"1504","1999-09","NC",132
"1505","1999-09","NH",3
"1506","1999-09","NJ",30
"1507","1999-09","NY",19
"1508","1999-09","PA",13
"1509","1999-09","SC",54
"1510","1999-09","TX",2
"1511","1999-09","VA",67
"1512","1999-09","VT",10
"1513","1999-10","FL",48
"1514","1999-10","TX",1
"1515","1999-11","KY",3
"1516","1999-11","PR",78
"1517","1999-11","TX",1
"1518","1999-11","VI",6
"1519","1999-12","AK",14
"1520","1999-12","MA",1
"1521","2000-01","AL",3
"1522","2000-01","DC",1
"1523","2000-01","GA",51
"1524","2000-01","KY",11
"1525","2000-01","LA",8
"1526","2000-01","MD",15
"1527","2000-01","NC",33
"1528","2000-01","SC",38
"1529","2000-01","TX",3
"1530","2000-01","VA",109
"1531","2000-02","GA",6
"1532","2000-02","KY",16
"1533","2000-02","OH",7
"1534","2000-02","WV",26
"1535","2000-03","AL",2
"1536","2000-03","HI",1
"1537","2000-03","ME",8
"1538","2000-03","MO",1
"1539","2000-03","TX",1
"1540","2000-04","FL",1
"1541","2000-04","KS",3
"1542","2000-04","ND",43
"1543","2000-04","NM",2
"1544","2000-04","SD",5
"1545","2000-05","FL",18
"1546","2000-05","MN",18
"1547","2000-05","MO",10
"1548","2000-05","NJ",21
"1549","2000-05","NM",57
"1550","2000-05","NY",89
"1551","2000-05","TN",15
"1552","2000-05","WI",30
"1553","2000-06","CO",3
"1554","2000-06","FL",13
"1555","2000-06","NM",1
"1556","2000-06","NV",1
"1557","2000-06","WA",1
"1558","2000-07","ID",16
"1559","2000-07","MT",58
"1560","2000-07","OH",1
"1561","2000-07","VT",6
"1562","2000-07","WA",1
"1563","2000-07","WY",1
"1564","2000-08","DC",1
"1565","2000-08","MT",16
"1566","2000-08","NJ",2
"1567","2000-08","NV",1
"1568","2000-08","SD",2
"1569","2000-08","TX",4
"1570","2000-08","WA",2
"1571","2000-09","AL",1
"1572","2000-09","CA",1
"1573","2000-09","CO",1
"1574","2000-09","FL",9
"1575","2000-09","LA",11
"1576","2000-09","MI",2
"1577","2000-09","OH",1
"1578","2000-09","OK",3
"1579","2000-09","TX",12
"1580","2000-10","AZ",8
"1581","2000-10","FL",4
"1582","2000-10","HI",2
"1583","2000-10","KY",16
"1584","2000-10","MN",5
"1585","2000-10","MT",7
"1586","2000-10","OK",11
"1587","2000-10","TN",5
"1588","2000-10","TX",1
"1589","2000-10","WY",4
"1590","2000-11","ND",9
"1591","2000-11","NY",3
"1592","2000-11","TN",2
"1593","2000-12","AL",11
"1594","2000-12","AR",119
"1595","2000-12","FL",49
"1596","2000-12","IL",27
"1597","2000-12","IN",29
"1598","2000-12","LA",8
"1599","2000-12","MI",39
"1600","2000-12","OK",104
"1601","2000-12","TX",46
"1602","2000-12","VT",2
"1603","2000-12","WI",14
"1604","2001-02","AL",6
"1605","2001-02","AR",22
"1606","2001-02","FL",11
"1607","2001-02","MS",50
"1608","2001-02","WA",24
"1609","2001-03","MA",14
"1610","2001-03","ME",19
"1611","2001-03","MN",72
"1612","2001-03","ND",38
"1613","2001-03","NH",7
"1614","2001-03","SD",24
"1615","2001-03","VT",9
"1616","2001-04","CO",14
"1617","2001-04","FL",10
"1618","2001-04","IA",23
"1619","2001-04","IL",10
"1620","2001-04","KS",1
"1621","2001-04","MS",6
"1622","2001-04","MT",2
"1623","2001-04","NE",28
"1624","2001-04","WI",32
"1625","2001-05","FL",5
"1626","2001-05","GA",1
"1627","2001-05","OK",48
"1628","2001-05","PR",15
"1629","2001-05","WV",24
"1630","2001-06","AK",1
"1631","2001-06","FL",9
"1632","2001-06","LA",27
"1633","2001-06","MS",5
"1634","2001-06","MT",3
"1635","2001-06","NM",2
"1636","2001-06","PA",3
"1637","2001-06","TX",31
"1638","2001-07","KY",20
"1639","2001-07","NV",1
"1640","2001-07","OH",4
"1641","2001-07","SD",1
"1642","2001-07","TN",8
"1643","2001-07","VA",10
"1644","2001-07","WA",1
"1645","2001-07","WY",2
"1646","2001-08","DC",1
"1647","2001-08","NE",1
"1648","2001-08","NV",1
"1649","2001-08","OR",2
"1650","2001-08","UT",1
"1651","2001-08","WA",7
"1652","2001-09","FL",11
"1653","2001-09","NJ",21
"1654","2001-09","NY",62
"1655","2001-09","VA",2
"1656","2001-09","WY",1
"1657","2001-10","CO",1
"1658","2001-10","GU",1
"1659","2001-10","OK",3
"1660","2001-11","AL",22
"1661","2001-11","KY",17
"1662","2001-11","MS",23
"1663","2001-11","PR",13
"1664","2001-11","SC",1
"1665","2001-11","TN",7
"1666","2001-11","VA",6
"1667","2001-11","WV",14
"1668","2001-12","AR",20
"1669","2001-12","NY",7
"1670","2002-01","KS",35
"1671","2002-01","MO",43
"1672","2002-01","OK",45
"1673","2002-01","TN",37
"1674","2002-02","CA",1
"1675","2002-02","FM",1
"1676","2002-02","OR",5
"1677","2002-02","VA",1
"1678","2002-03","KY",37
"1679","2002-03","NM",1
"1680","2002-03","VA",10
"1681","2002-04","AK",10
"1682","2002-04","AZ",1
"1683","2002-04","CO",62
"1684","2002-04","IL",68
"1685","2002-04","IN",31
"1686","2002-04","KY",39
"1687","2002-04","MD",3
"1688","2002-04","MI",6
"1689","2002-04","MO",79
"1690","2002-04","NM",1
"1691","2002-04","NY",6
"1692","2002-04","VA",15
"1693","2002-05","AZ",1
"1694","2002-05","CA",1
"1695","2002-05","CO",2
"1696","2002-05","MN",1
"1697","2002-05","NM",3
"1698","2002-05","WV",8
"1699","2002-06","AZ",7
"1700","2002-06","CA",3
"1701","2002-06","CO",11
"1702","2002-06","IA",21
"1703","2002-06","MN",19
"1704","2002-06","MT",6
"1705","2002-06","ND",7
"1706","2002-06","NJ",1
"1707","2002-06","NM",4
"1708","2002-06","NV",1
"1709","2002-06","SC",1
"1710","2002-06","SD",1
"1711","2002-06","TX",41
"1712","2002-06","UT",1
"1713","2002-06","VT",5
"1714","2002-06","WI",8
"1715","2002-06","WY",3
"1716","2002-07","AZ",1
"1717","2002-07","CA",2
"1718","2002-07","CO",5
"1719","2002-07","FM",2
"1720","2002-07","GU",1
"1721","2002-07","MP",1
"1722","2002-07","NV",3
"1723","2002-07","OR",10
"1724","2002-07","WA",2
"1725","2002-08","NM",1
"1726","2002-08","SD",2
"1727","2002-08","WY",1
"1728","2002-09","AL",2
"1729","2002-09","CA",7
"1730","2002-09","IN",32
"1731","2002-09","LA",16
"1732","2002-09","MS",11
"1733","2002-09","TX",11
"1734","2002-09","WI",19
"1735","2002-10","AK",4
"1736","2002-10","LA",44
"1737","2002-10","TX",18
"1738","2002-11","AK",6
"1739","2002-11","AL",29
"1740","2002-11","MS",6
"1741","2002-11","OH",20
"1742","2002-11","TN",22
"1743","2002-12","AR",18
"1744","2002-12","FM",1
"1745","2002-12","GU",1
"1746","2002-12","ME",11
"1747","2002-12","MP",3
"1748","2002-12","NC",44
"1749","2002-12","NY",20
"1750","2002-12","OK",14
"1751","2002-12","SC",6
"1752","2003-01","CA",1
"1753","2003-02","CT",8
"1754","2003-02","DC",1
"1755","2003-02","DE",3
"1756","2003-02","KY",52
"1757","2003-02","LA",41
"1758","2003-02","MA",14
"1759","2003-02","MD",20
"1760","2003-02","ME",1
"1761","2003-02","NC",10
"1762","2003-02","NH",5
"1763","2003-02","NJ",21
"1764","2003-02","NY",22
"1765","2003-02","OH",31
"1766","2003-02","PA",36
"1767","2003-02","RI",2
"1768","2003-02","TN",28
"1769","2003-02","TX",54
"1770","2003-02","VA",39
"1771","2003-02","WV",49
"1772","2003-03","AK",3
"1773","2003-03","CO",29
"1774","2003-03","FL",1
"1775","2003-04","MS",31
"1776","2003-04","NY",16
"1777","2003-05","AL",38
"1778","2003-05","AR",23
"1779","2003-05","AS",2
"1780","2003-05","HI",1
"1781","2003-05","IL",16
"1782","2003-05","KS",15
"1783","2003-05","KY",44
"1784","2003-05","MO",76
"1785","2003-05","MS",9
"1786","2003-05","NM",1
"1787","2003-05","OK",27
"1788","2003-05","TN",73
"1789","2003-06","AZ",4
"1790","2003-06","CA",2
"1791","2003-06","FL",11
"1792","2003-06","KY",23
"1793","2003-06","ND",1
"1794","2003-06","NE",19
"1795","2003-06","NM",1
"1796","2003-06","NV",1
"1797","2003-06","WV",20
"1798","2003-07","AZ",3
"1799","2003-07","CA",2
"1800","2003-07","CO",1
"1801","2003-07","IN",46
"1802","2003-07","MT",3
"1803","2003-07","NH",2
"1804","2003-07","NV",2
"1805","2003-07","NY",17
"1806","2003-07","OH",25
"1807","2003-07","OK",1
"1808","2003-07","PA",15
"1809","2003-07","TN",2
"1810","2003-07","TX",18
"1811","2003-07","UT",1
"1812","2003-07","VT",4
"1813","2003-07","WA",2
"1814","2003-08","CA",2
"1815","2003-08","IN",21
"1816","2003-08","MI",14
"1817","2003-08","MT",7
"1818","2003-08","NJ",5
"1819","2003-08","NY",65
"1820","2003-08","OH",13
"1821","2003-08","OR",3
"1822","2003-09","CA",1
"1823","2003-09","DC",1
"1824","2003-09","DE",4
"1825","2003-09","MD",24
"1826","2003-09","NC",49
"1827","2003-09","NV",1
"1828","2003-09","OR",2
"1829","2003-09","PA",1
"1830","2003-09","VA",100
"1831","2003-09","WA",1
"1832","2003-09","WV",10
"1833","2003-10","CA",15
"1834","2003-10","CO",2
"1835","2003-10","WA",15
"1836","2003-11","CO",1
"1837","2003-11","FM",2
"1838","2003-11","PR",31
"1839","2003-11","SD",1
"1840","2003-11","VA",6
"1841","2003-11","VI",3
"1842","2003-11","WV",34
"1843","2003-11","WY",1
"1844","2003-12","CA",2
"1845","2003-12","CT",7
"1846","2003-12","MA",12
"1847","2003-12","ME",25
"1848","2003-12","NH",8
"1849","2003-12","OR",30
"1850","2004-01","AS",3
"1851","2004-01","ND",10
"1852","2004-01","NY",4
"1853","2004-01","OH",14
"1854","2004-01","SC",26
"1855","2004-03","ND",22
"1856","2004-04","AR",14
"1857","2004-04","CA",1
"1858","2004-04","CO",1
"1859","2004-04","FM",1
"1860","2004-04","IL",4
"1861","2004-04","MA",5
"1862","2004-04","NM",4
"1863","2004-05","AR",14
"1864","2004-05","CA",2
"1865","2004-05","IA",77
"1866","2004-05","IN",69
"1867","2004-05","KY",78
"1868","2004-05","LA",9
"1869","2004-05","MI",26
"1870","2004-05","MO",37
"1871","2004-05","NE",39
"1872","2004-05","NM",1
"1873","2004-05","NY",62
"1874","2004-05","OH",25
"1875","2004-05","SD",10
"1876","2004-05","VA",4
"1877","2004-05","WI",44
"1878","2004-05","WV",24
"1879","2004-06","AK",1
"1880","2004-06","AZ",3
"1881","2004-06","CA",2
"1882","2004-06","GU",1
"1883","2004-06","KS",29
"1884","2004-06","MP",3
"1885","2004-06","NM",1
"1886","2004-06","NV",1
"1887","2004-06","UT",1
"1888","2004-07","AK",1
"1889","2004-07","CA",7
"1890","2004-07","CO",1
"1891","2004-07","IN",20
"1892","2004-07","KY",27
"1893","2004-07","NJ",2
"1894","2004-07","NV",4
"1895","2004-07","PA",7
"1896","2004-07","WA",3
"1897","2004-07","WV",4
"1898","2004-08","AK",5
"1899","2004-08","CA",6
"1900","2004-08","FL",67
"1901","2004-08","KS",2
"1902","2004-08","MP",3
"1903","2004-08","NV",1
"1904","2004-08","NY",18
"1905","2004-08","OH",88
"1906","2004-08","OR",2
"1907","2004-08","SC",5
"1908","2004-08","VA",12
"1909","2004-08","VT",7
"1910","2004-08","WA",2
"1911","2004-09","AL",67
"1912","2004-09","CA",5
"1913","2004-09","DE",1
"1914","2004-09","FL",165
"1915","2004-09","GA",111
"1916","2004-09","HI",1
"1917","2004-09","LA",29
"1918","2004-09","MN",7
"1919","2004-09","MS",44
"1920","2004-09","NC",64
"1921","2004-09","NJ",4
"1922","2004-09","NY",9
"1923","2004-09","PA",134
"1924","2004-09","PR",78
"1925","2004-09","SC",28
"1926","2004-09","TN",15
"1927","2004-09","VA",10
"1928","2004-09","VI",3
"1929","2004-09","WV",22
"1930","2004-10","AK",6
"1931","2004-10","HI",1
"1932","2004-12","AZ",8
"1933","2004-12","CA",8
"1934","2004-12","IL",16
"1935","2004-12","IN",50
"1936","2004-12","KY",30
"1937","2004-12","NV",15
"1938","2004-12","OH",88
"1939","2005-01","AK",1
"1940","2005-01","CT",8
"1941","2005-01","IN",87
"1942","2005-01","KS",38
"1943","2005-01","MA",14
"1944","2005-01","ME",2
"1945","2005-01","NH",9
"1946","2005-01","NV",18
"1947","2005-01","RI",5
"1948","2005-01","UT",2
"1949","2005-01","WV",6
"1950","2005-02","AS",5
"1951","2005-02","AZ",12
"1952","2005-02","CA",7
"1953","2005-02","ME",13
"1954","2005-02","NH",5
"1955","2005-03","ME",25
"1956","2005-03","NH",5
"1957","2005-04","NJ",9
"1958","2005-04","NY",21
"1959","2005-04","PA",11
"1960","2005-04","SD",1
"1961","2005-04","UT",9
"1962","2005-05","AZ",1
"1963","2005-05","ID",2
"1964","2005-05","NE",11
"1965","2005-06","AZ",5
"1966","2005-06","KS",3
"1967","2005-06","ND",29
"1968","2005-06","NV",1
"1969","2005-06","SD",7
"1970","2005-06","UT",1
"1971","2005-07","AL",46
"1972","2005-07","AZ",2
"1973","2005-07","CA",1
"1974","2005-07","CO",2
"1975","2005-07","FL",20
"1976","2005-07","LA",5
"1977","2005-07","MS",42
"1978","2005-07","NV",3
"1979","2005-07","SD",2
"1980","2005-07","WA",1
"1981","2005-08","AL",95
"1982","2005-08","AR",75
"1983","2005-08","AZ",15
"1984","2005-08","CA",60
"1985","2005-08","CO",64
"1986","2005-08","CT",8
"1987","2005-08","DC",1
"1988","2005-08","DE",3
"1989","2005-08","FL",78
"1990","2005-08","GA",159
"1991","2005-08","HI",4
"1992","2005-08","IA",99
"1993","2005-08","ID",44
"1994","2005-08","IL",102
"1995","2005-08","IN",92
"1996","2005-08","KY",120
"1997","2005-08","LA",127
"1998","2005-08","MA",14
"1999","2005-08","MD",24
"2000","2005-08","ME",15
"2001","2005-08","MI",83
"2002","2005-08","MN",87
"2003","2005-08","MO",115
"2004","2005-08","MP",3
"2005","2005-08","MS",93
"2006","2005-08","MT",56
"2007","2005-08","NC",100
"2008","2005-08","ND",53
"2009","2005-08","NE",93
"2010","2005-08","NH",10
"2011","2005-08","NJ",21
"2012","2005-08","NM",33
"2013","2005-08","NV",19
"2014","2005-08","NY",62
"2015","2005-08","OH",88
"2016","2005-08","OK",77
"2017","2005-08","OR",37
"2018","2005-08","PA",67
"2019","2005-08","RI",5
"2020","2005-08","SC",46
"2021","2005-08","TN",95
"2022","2005-08","TX",254
"2023","2005-08","UT",29
"2024","2005-08","VA",134
"2025","2005-08","WA",41
"2026","2005-08","WI",73
"2027","2005-08","WV",55
"2028","2005-08","WY",1
"2029","2005-09","AK",4
"2030","2005-09","CA",3
"2031","2005-09","FL",4
"2032","2005-09","KS",105
"2033","2005-09","LA",128
"2034","2005-09","NC",47
"2035","2005-09","SD",66
"2036","2005-09","TX",509
"2037","2005-10","CA",2
"2038","2005-10","CT",5
"2039","2005-10","FL",20
"2040","2005-10","KS",5
"2041","2005-10","MA",12
"2042","2005-10","ND",21
"2043","2005-10","NH",6
"2044","2005-10","PR",17
"2045","2005-11","CA",1
"2046","2005-11","IN",2
"2047","2005-11","KS",17
"2048","2005-11","KY",2
"2049","2005-11","MN",9
"2050","2005-11","ND",4
"2051","2005-11","NE",29
"2052","2005-11","OK",81
"2053","2005-11","SD",26
"2054","2005-11","TX",254
"2055","2005-12","CA",31
"2056","2005-12","ID",1
"2057","2005-12","ME",1
"2058","2005-12","NV",8
"2059","2005-12","OK",3
"2060","2005-12","OR",20
"2061","2005-12","SC",7
"2062","2005-12","TX",2
"2063","2006-01","CO",2
"2064","2006-01","NM",2
"2065","2006-01","OK",23
"2066","2006-01","TX",12
"2067","2006-01","WA",11
"2068","2006-02","CA",2
"2069","2006-02","CT",5
"2070","2006-02","HI",2
"2071","2006-02","TX",1
"2072","2006-03","CA",17
"2073","2006-03","IL",6
"2074","2006-03","KS",3
"2075","2006-03","MN",9
"2076","2006-03","MO",48
"2077","2006-03","ND",12
"2078","2006-03","NM",1
"2079","2006-03","OK",1
"2080","2006-04","AR",7
"2081","2006-04","NM",1
"2082","2006-04","OK",3
"2083","2006-04","SD",6
"2084","2006-04","TN",15
"2085","2006-04","VA",1
"2086","2006-05","AK",3
"2087","2006-05","FL",1
"2088","2006-05","MA",3
"2089","2006-05","ME",1
"2090","2006-05","NH",7
"2091","2006-05","TX",1
"2092","2006-06","AK",1
"2093","2006-06","AZ",4
"2094","2006-06","CO",1
"2095","2006-06","DE",1
"2096","2006-06","MD",3
"2097","2006-06","NJ",4
"2098","2006-06","NM",3
"2099","2006-06","NV",5
"2100","2006-06","NY",21
"2101","2006-06","OH",6
"2102","2006-06","PA",28
"2103","2006-06","TX",1
"2104","2006-06","VA",16
"2105","2006-07","AZ",11
"2106","2006-07","CA",3
"2107","2006-07","MO",9
"2108","2006-07","MT",1
"2109","2006-07","NE",3
"2110","2006-07","NM",20
"2111","2006-07","OH",3
"2112","2006-07","OR",2
"2113","2006-07","SD",1
"2114","2006-07","TX",2
"2115","2006-07","WY",1
"2116","2006-08","AK",4
"2117","2006-08","CO",1
"2118","2006-08","MT",3
"2119","2006-08","NV",2
"2120","2006-08","TX",3
"2121","2006-08","VA",26
"2122","2006-08","WA",3
"2123","2006-08","WY",1
"2124","2006-09","CA",2
"2125","2006-09","HI",1
"2126","2006-09","IN",3
"2127","2006-09","TX",1
"2128","2006-09","WA",1
"2129","2006-10","AK",3
"2130","2006-10","CA",1
"2131","2006-10","HI",4
"2132","2006-10","LA",24
"2133","2006-10","NY",8
"2134","2006-11","IL",44
"2135","2006-11","MO",14
"2136","2006-11","NV",1
"2137","2006-11","NY",9
"2138","2006-11","OR",4
"2139","2006-11","PA",8
"2140","2006-11","TX",1
"2141","2006-11","WA",14
"2142","2006-12","CA",1
"2143","2006-12","CO",26
"2144","2006-12","FL",1
"2145","2006-12","KS",44
"2146","2006-12","NE",59
"2147","2006-12","OK",3
"2148","2006-12","OR",10
"2149","2006-12","WA",19
"2150","2007-01","CA",16
"2151","2007-01","MO",39
"2152","2007-01","OK",125
"2153","2007-02","FL",4
"2154","2007-02","IA",78
"2155","2007-02","IN",49
"2156","2007-02","LA",3
"2157","2007-02","NM",1
"2158","2007-02","NY",3
"2159","2007-03","AL",8
"2160","2007-03","CA",1
"2161","2007-03","FL",1
"2162","2007-03","FM",1
"2163","2007-03","GA",16
"2164","2007-03","ME",4
"2165","2007-03","NM",2
"2166","2007-04","CT",7
"2167","2007-04","GA",3
"2168","2007-04","KY",9
"2169","2007-04","MA",8
"2170","2007-04","ME",13
"2171","2007-04","NH",10
"2172","2007-04","NJ",15
"2173","2007-04","NY",14
"2174","2007-04","RI",1
"2175","2007-04","TX",5
"2176","2007-04","VT",8
"2177","2007-04","WV",18
"2178","2007-05","CA",2
"2179","2007-05","FL",22
"2180","2007-05","GA",3
"2181","2007-05","IA",19
"2182","2007-05","KS",42
"2183","2007-05","MO",30
"2184","2007-05","NE",34
"2185","2007-05","NJ",2
"2186","2007-05","OK",36
"2187","2007-05","SD",27
"2188","2007-06","AK",1
"2189","2007-06","CA",2
"2190","2007-06","CO",1
"2191","2007-06","HI",1
"2192","2007-06","KS",23
"2193","2007-06","ND",13
"2194","2007-06","NE",6
"2195","2007-06","NY",3
"2196","2007-06","OK",60
"2197","2007-06","TX",78
"2198","2007-06","UT",3
"2199","2007-07","CA",2
"2200","2007-07","ME",1
"2201","2007-07","ND",2
"2202","2007-07","NV",5
"2203","2007-07","OR",1
"2204","2007-07","SD",2
"2205","2007-07","UT",2
"2206","2007-07","VT",5
"2207","2007-07","WA",2
"2208","2007-08","HI",2
"2209","2007-08","IA",17
"2210","2007-08","ID",4
"2211","2007-08","IL",11
"2212","2007-08","IN",1
"2213","2007-08","MN",9
"2214","2007-08","MO",7
"2215","2007-08","MT",3
"2216","2007-08","ND",1
"2217","2007-08","NY",2
"2218","2007-08","OH",8
"2219","2007-08","OK",23
"2220","2007-08","TX",38
"2221","2007-08","WI",14
"2222","2007-08","WY",1
"2223","2007-09","CA",2
"2224","2007-09","MT",1
"2225","2007-09","OR",1
"2226","2007-09","WA",1
"2227","2007-10","CA",23
"2228","2007-10","HI",1
"2229","2007-11","NM",1
"2230","2007-12","HI",3
"2231","2007-12","IA",30
"2232","2007-12","KS",165
"2233","2007-12","MO",158
"2234","2007-12","NE",8
"2235","2007-12","OK",102
"2236","2007-12","OR",12
"2237","2007-12","WA",12
"2238","2008-01","IL",2
"2239","2008-01","IN",21
"2240","2008-01","MO",9
"2241","2008-01","NV",1
"2242","2008-02","AR",12
"2243","2008-02","IL",8
"2244","2008-02","KY",23
"2245","2008-02","MO",18
"2246","2008-02","OK",1
"2247","2008-02","TN",19
"2248","2008-02","TX",6
"2249","2008-02","WI",11
"2250","2008-03","AR",59
"2251","2008-03","GA",7
"2252","2008-03","MO",71
"2253","2008-03","MS",4
"2254","2008-03","OH",20
"2255","2008-03","OK",15
"2256","2008-03","TX",239
"2257","2008-04","CA",1
"2258","2008-04","CO",1
"2259","2008-04","KY",15
"2260","2008-04","ME",7
"2261","2008-04","MS",1
"2262","2008-04","NE",5
"2263","2008-04","NM",1
"2264","2008-04","OK",24
"2265","2008-04","TX",2
"2266","2008-05","AR",12
"2267","2008-05","CA",2
"2268","2008-05","CO",2
"2269","2008-05","FL",1
"2270","2008-05","GA",14
"2271","2008-05","IA",85
"2272","2008-05","ID",2
"2273","2008-05","IN",50
"2274","2008-05","KS",54
"2275","2008-05","MO",3
"2276","2008-05","MT",4
"2277","2008-05","NE",62
"2278","2008-05","OK",4
"2279","2008-05","SD",6
"2280","2008-05","TX",2
"2281","2008-06","AZ",1
"2282","2008-06","CA",20
"2283","2008-06","CO",2
"2284","2008-06","IL",25
"2285","2008-06","MI",12
"2286","2008-06","MN",6
"2287","2008-06","MO",61
"2288","2008-06","NC",3
"2289","2008-06","NE",4
"2290","2008-06","NM",1
"2291","2008-06","OK",27
"2292","2008-06","SD",30
"2293","2008-06","TX",4
"2294","2008-06","VT",2
"2295","2008-06","WI",31
"2296","2008-06","WV",18
"2297","2008-07","AK",4
"2298","2008-07","CA",2
"2299","2008-07","ME",3
"2300","2008-07","NH",9
"2301","2008-07","NM",2
"2302","2008-07","TX",16
"2303","2008-07","VT",10
"2304","2008-07","WA",2
"2305","2008-08","AL",69
"2306","2008-08","FL",117
"2307","2008-08","LA",64
"2308","2008-08","MS",104
"2309","2008-08","TX",62
"2310","2008-09","AL",2
"2311","2008-09","AR",38
"2312","2008-09","CA",1
"2313","2008-09","FL",1
"2314","2008-09","IL",16
"2315","2008-09","IN",38
"2316","2008-09","KS",9
"2317","2008-09","KY",35
"2318","2008-09","LA",97
"2319","2008-09","MO",56
"2320","2008-09","NC",4
"2321","2008-09","NH",2
"2322","2008-09","OH",33
"2323","2008-09","OK",11
"2324","2008-09","OR",1
"2325","2008-09","PR",26
"2326","2008-09","TX",139
"2327","2008-10","CA",2
"2328","2008-10","VI",3
"2329","2008-11","CA",10
"2330","2008-11","SD",17
"2331","2008-12","HI",2
"2332","2008-12","MA",16
"2333","2008-12","ME",13
"2334","2008-12","NH",20
"2335","2008-12","NY",25
"2336","2008-12","OR",10
"2337","2008-12","VT",2
"2338","2008-12","WA",34
"2339","2009-01","AR",78
"2340","2009-01","CO",1
"2341","2009-01","DC",1
"2342","2009-01","IL",9
"2343","2009-01","IN",21
"2344","2009-01","KY",203
"2345","2009-01","MO",136
"2346","2009-01","OK",10
"2347","2009-01","TN",7
"2348","2009-01","WA",23
"2349","2009-02","OK",5
"2350","2009-02","TX",3
"2351","2009-03","AL",21
"2352","2009-03","FL",23
"2353","2009-03","GA",47
"2354","2009-03","IN",16
"2355","2009-03","KS",33
"2356","2009-03","MN",37
"2357","2009-03","MS",11
"2358","2009-03","ND",52
"2359","2009-03","OK",5
"2360","2009-03","SD",16
"2361","2009-03","TX",3
"2362","2009-04","AK",8
"2363","2009-04","AL",6
"2364","2009-04","AR",43
"2365","2009-04","KS",28
"2366","2009-04","OK",14
"2367","2009-04","SC",1
"2368","2009-04","TN",5
"2369","2009-04","TX",10
"2370","2009-05","AK",1
"2371","2009-05","AL",4
"2372","2009-05","AZ",1
"2373","2009-05","CA",1
"2374","2009-05","FL",6
"2375","2009-05","IL",8
"2376","2009-05","KY",24
"2377","2009-05","MO",53
"2378","2009-05","NM",1
"2379","2009-05","WV",11
"2380","2009-06","ME",9
"2381","2009-06","NE",17
"2382","2009-06","TN",3
"2383","2009-07","IA",1
"2384","2009-07","KS",5
"2385","2009-07","NV",1
"2386","2009-07","TN",6
"2387","2009-07","UT",1
"2388","2009-07","WA",1
"2389","2009-08","AZ",1
"2390","2009-08","CA",8
"2391","2009-08","HI",1
"2392","2009-08","KY",2
"2393","2009-08","NY",6
"2394","2009-08","OR",2
"2395","2009-08","WA",3
"2396","2009-09","AS",5
"2397","2009-09","CA",1
"2398","2009-09","GA",23
"2399","2009-09","MT",1
"2400","2009-09","OR",1
"2401","2009-10","AK",1
"2402","2009-10","AR",38
"2403","2009-10","AZ",1
"2404","2009-10","CA",1
"2405","2009-10","LA",11
"2406","2009-10","PR",5
"2407","2009-11","AL",2
"2408","2009-11","KS",3
"2409","2009-11","NE",7
"2410","2009-11","NJ",3
"2411","2009-11","NY",2
"2412","2009-11","VA",12
"2413","2009-12","AL",14
"2414","2009-12","AR",25
"2415","2009-12","DC",1
"2416","2009-12","IA",27
"2417","2009-12","KS",51
"2418","2009-12","MD",12
"2419","2009-12","NC",14
"2420","2009-12","NE",58
"2421","2009-12","NJ",7
"2422","2009-12","OK",54
"2423","2009-12","SD",15
"2424","2009-12","VA",50
"2425","2009-12","WV",18
"2426","2010-01","AZ",19
"2427","2010-01","CA",6
"2428","2010-01","IA",27
"2429","2010-01","ND",26
"2430","2010-01","OK",127
"2431","2010-01","SD",32
"2432","2010-02","DC",1
"2433","2010-02","DE",3
"2434","2010-02","MD",22
"2435","2010-02","ME",5
"2436","2010-02","ND",49
"2437","2010-02","NH",6
"2438","2010-02","NJ",7
"2439","2010-02","PA",27
"2440","2010-02","VA",38
"2441","2010-02","WV",20
"2442","2010-03","CT",5
"2443","2010-03","MA",7
"2444","2010-03","ME",2
"2445","2010-03","MN",57
"2446","2010-03","NE",37
"2447","2010-03","NH",2
"2448","2010-03","NJ",16
"2449","2010-03","NY",9
"2450","2010-03","RI",10
"2451","2010-03","SD",37
"2452","2010-03","WV",6
"2453","2010-04","AL",3
"2454","2010-04","CA",1
"2455","2010-04","MS",9
"2456","2010-04","ND",13
"2457","2010-04","SD",3
"2458","2010-04","TN",49
"2459","2010-05","IA",2
"2460","2010-05","KY",83
"2461","2010-05","MA",4
"2462","2010-05","MS",9
"2463","2010-05","NM",1
"2464","2010-05","OK",16
"2465","2010-05","PR",10
"2466","2010-06","AZ",2
"2467","2010-06","HI",1
"2468","2010-06","IA",61
"2469","2010-06","ID",7
"2470","2010-06","KS",41
"2471","2010-06","MN",13
"2472","2010-06","MO",37
"2473","2010-06","MT",3
"2474","2010-06","NE",61
"2475","2010-06","NM",1
"2476","2010-06","OK",7
"2477","2010-06","SD",4
"2478","2010-06","TX",46
"2479","2010-06","WV",5
"2480","2010-06","WY",3
"2481","2010-07","AZ",2
"2482","2010-07","CA",3
"2483","2010-07","IL",11
"2484","2010-07","KY",8
"2485","2010-07","NM",7
"2486","2010-07","NV",1
"2487","2010-07","SD",12
"2488","2010-07","WA",1
"2489","2010-07","WI",3
"2490","2010-08","CA",1
"2491","2010-08","ID",1
"2492","2010-08","TN",10
"2493","2010-08","VI",3
"2494","2010-08","WA",1
"2495","2010-09","CA",2
"2496","2010-09","CO",2
"2497","2010-09","MA",10
"2498","2010-09","MN",29
"2499","2010-09","NC",44
"2500","2010-09","NE",7
"2501","2010-09","NY",3
"2502","2010-09","SD",5
"2503","2010-09","UT",1
"2504","2010-09","WI",9
"2505","2010-10","AZ",1
"2506","2010-10","PR",21
"2507","2010-10","VI",3
"2508","2010-11","VI",1
"2509","2010-12","CA",10
"2510","2010-12","ME",3
"2511","2010-12","NJ",15
"2512","2010-12","NY",10
"2513","2010-12","UT",3
"2514","2010-12","VT",3
"2515","2011-01","CT",8
"2516","2011-01","IL",65
"2517","2011-01","MA",7
"2518","2011-01","MO",177
"2519","2011-01","OK",93
"2520","2011-01","OR",6
"2521","2011-01","WA",7
"2522","2011-01","WI",11
"2523","2011-02","ND",48
"2524","2011-02","NM",15
"2525","2011-02","TN",13
"2526","2011-02","TX",4
"2527","2011-02","VA",2
"2528","2011-03","CA",3
"2529","2011-03","CO",1
"2530","2011-03","GA",2
"2531","2011-03","HI",3
"2532","2011-03","ID",6
"2533","2011-03","MN",34
"2534","2011-03","NM",1
"2535","2011-03","OK",5
"2536","2011-03","OR",3
"2537","2011-03","SD",40
"2538","2011-03","TX",3
"2539","2011-04","AL",134
"2540","2011-04","AR",60
"2541","2011-04","CO",1
"2542","2011-04","FL",1
"2543","2011-04","GA",26
"2544","2011-04","IA",6
"2545","2011-04","IL",21
"2546","2011-04","IN",36
"2547","2011-04","KS",2
"2548","2011-04","KY",79
"2549","2011-04","LA",48
"2550","2011-04","MO",41
"2551","2011-04","MS",54
"2552","2011-04","MT",55
"2553","2011-04","NC",20
"2554","2011-04","ND",31
"2555","2011-04","NE",1
"2556","2011-04","NM",4
"2557","2011-04","NY",23
"2558","2011-04","OH",21
"2559","2011-04","OK",16
"2560","2011-04","PA",5
"2561","2011-04","TN",83
"2562","2011-04","TX",155
"2563","2011-04","UT",19
"2564","2011-04","VT",8
"2565","2011-05","AK",4
"2566","2011-05","AR",3
"2567","2011-05","AZ",1
"2568","2011-05","IA",6
"2569","2011-05","KS",25
"2570","2011-05","MN",2
"2571","2011-05","MS",14
"2572","2011-05","NE",17
"2573","2011-05","NH",2
"2574","2011-05","OK",15
"2575","2011-05","PR",13
"2576","2011-05","TX",6
"2577","2011-05","VT",7
"2578","2011-05","WY",16
"2579","2011-06","AZ",3
"2580","2011-06","CO",2
"2581","2011-06","GA",4
"2582","2011-06","KS",8
"2583","2011-06","KY",7
"2584","2011-06","MA",2
"2585","2011-06","MO",39
"2586","2011-06","NE",30
"2587","2011-06","NM",10
"2588","2011-06","OK",1
"2589","2011-06","TN",7
"2590","2011-06","TX",12
"2591","2011-07","IA",8
"2592","2011-07","MN",16
"2593","2011-07","NC",2
"2594","2011-07","OK",3
"2595","2011-07","TX",1
"2596","2011-08","CT",16
"2597","2011-08","DC",3
"2598","2011-08","DE",5
"2599","2011-08","MA",23
"2600","2011-08","MD",38
"2601","2011-08","ME",4
"2602","2011-08","MT",1
"2603","2011-08","NC",72
"2604","2011-08","NH",17
"2605","2011-08","NJ",45
"2606","2011-08","NM",6
"2607","2011-08","NY",49
"2608","2011-08","OK",12
"2609","2011-08","PA",27
"2610","2011-08","PR",134
"2611","2011-08","RI",11
"2612","2011-08","TX",67
"2613","2011-08","VA",88
"2614","2011-08","VT",28
"2615","2011-09","CA",4
"2616","2011-09","LA",8
"2617","2011-09","MD",7
"2618","2011-09","NJ",5
"2619","2011-09","NV",1
"2620","2011-09","NY",30
"2621","2011-09","OK",1
"2622","2011-09","PA",76
"2623","2011-09","PR",3
"2624","2011-09","TX",13
"2625","2011-09","VA",8
"2626","2011-09","WA",1
"2627","2011-10","CT",15
"2628","2011-10","MA",14
"2629","2011-10","NH",12
"2630","2011-10","NJ",11
"2631","2011-10","NV",1
"2632","2011-11","AK",6
"2633","2011-11","NV",1
"2634","2011-11","UT",1
"2635","2012-01","AL",3
"2636","2012-01","NV",1
"2637","2012-01","OR",12
"2638","2012-01","WA",11
"2639","2012-02","IN",6
"2640","2012-02","KY",23
"2641","2012-02","TN",10
"2642","2012-02","WV",11
"2643","2012-03","CO",1
"2644","2012-03","HI",2
"2645","2012-03","WV",3
"2646","2012-04","KS",14
"2647","2012-04","OK",5
"2648","2012-04","TX",1
"2649","2012-05","NH",1
"2650","2012-05","NM",2
"2651","2012-05","NV",1
"2652","2012-05","VT",3
"2653","2012-06","CO",6
"2654","2012-06","DC",1
"2655","2012-06","FL",34
"2656","2012-06","MD",6
"2657","2012-06","MN",18
"2658","2012-06","MT",7
"2659","2012-06","NJ",3
"2660","2012-06","NM",8
"2661","2012-06","OH",127
"2662","2012-06","UT",4
"2663","2012-06","VA",69
"2664","2012-06","WI",4
"2665","2012-06","WV",102
"2666","2012-06","WY",3
"2667","2012-07","OK",1
"2668","2012-07","SD",1
"2669","2012-07","UT",1
"2670","2012-07","WA",3
"2671","2012-07","WY",2
"2672","2012-08","AL",8
"2673","2012-08","CA",3
"2674","2012-08","FL",12
"2675","2012-08","ID",1
"2676","2012-08","LA",89
"2677","2012-08","MS",83
"2678","2012-08","MT",1
"2679","2012-08","NE",3
"2680","2012-08","OK",9
"2681","2012-08","SD",1
"2682","2012-08","WA",1
"2683","2012-09","AK",5
"2684","2012-09","CA",2
"2685","2012-09","ID",1
"2686","2012-09","MT",1
"2687","2012-09","UT",1
"2688","2012-09","WA",9
"2689","2012-09","WY",1
"2690","2012-10","CO",2
"2691","2012-10","CT",16
"2692","2012-10","DC",2
"2693","2012-10","DE",6
"2694","2012-10","MA",20
"2695","2012-10","MD",48
"2696","2012-10","NH",16
"2697","2012-10","NJ",42
"2698","2012-10","NY",76
"2699","2012-10","OH",2
"2700","2012-10","PA",86
"2701","2012-10","RI",9
"2702","2012-10","VA",165
"2703","2012-10","WV",73
"2704","2012-12","AR",8
"2705","2012-12","AZ",1
"2706","2013-01","LA",11
"2707","2013-01","NC",1
"2708","2013-02","CT",18
"2709","2013-02","KS",23
"2710","2013-02","MA",14
"2711","2013-02","ME",6
"2712","2013-02","MS",7
"2713","2013-02","NH",8
"2714","2013-02","NY",1
"2715","2013-02","OK",17
"2716","2013-02","RI",5
"2717","2013-04","IA",25
"2718","2013-04","IL",47
"2719","2013-04","MA",4
"2720","2013-04","MI",16
"2721","2013-04","MN",5
"2722","2013-04","ND",23
"2723","2013-04","SD",8
"2724","2013-04","TX",2
"2725","2013-05","AK",5
"2726","2013-05","AR",11
"2727","2013-05","CA",3
"2728","2013-05","IA",49
"2729","2013-05","MO",28
"2730","2013-05","MT",15
"2731","2013-05","ND",22
"2732","2013-05","NM",1
"2733","2013-05","OK",21
"2734","2013-05","SD",6
"2735","2013-05","VT",3
"2736","2013-06","AZ",2
"2737","2013-06","CO",7
"2738","2013-06","IA",12
"2739","2013-06","MN",18
"2740","2013-06","NH",3
"2741","2013-06","NY",16
"2742","2013-06","PA",11
"2743","2013-06","SD",8
"2744","2013-06","VT",7
"2745","2013-06","WI",8
"2746","2013-06","WV",2
"2747","2013-07","AZ",1
"2748","2013-07","CA",1
"2749","2013-07","FL",4
"2750","2013-07","KS",46
"2751","2013-07","MT",1
"2752","2013-07","NC",20
"2753","2013-07","NM",12
"2754","2013-07","NV",1
"2755","2013-07","OR",4
"2756","2013-07","WA",2
"2757","2013-08","AR",6
"2758","2013-08","CA",5
"2759","2013-08","ID",3
"2760","2013-08","MO",18
"2761","2013-08","MT",1
"2762","2013-08","OR",2
"2763","2013-08","UT",1
"2764","2013-08","WA",2
"2765","2013-09","CA",1
"2766","2013-09","CO",33
"2767","2013-09","NM",27
"2768","2013-10","AK",1
"2769","2013-10","ND",7
"2770","2013-10","NE",10
"2771","2013-10","SD",16
"2772","2013-10","TX",4
"2773","2013-11","AK",4
"2774","2013-11","IL",15
"2775","2013-12","AR",14
"2776","2013-12","OK",4
"2777","2013-12","VT",7
"2778","2014-01","CA",1
"2779","2014-01","IN",30
"2780","2014-01","WV",9
"2781","2014-02","GA",136
"2782","2014-02","MD",3
"2783","2014-02","OR",4
"2784","2014-02","PA",7
"2785","2014-02","SC",68
"2786","2014-03","MT",15
"2787","2014-03","NC",9
"2788","2014-03","TN",10
"2789","2014-03","WA",5
"2790","2014-04","AL",21
"2791","2014-04","AR",12
"2792","2014-04","FL",9
"2793","2014-04","MI",1
"2794","2014-04","MS",13
"2795","2014-04","VT",7
"2796","2014-05","AZ",1
"2797","2014-05","CA",2
"2798","2014-05","NE",6
"2799","2014-05","NY",11
"2800","2014-05","OK",1
"2801","2014-05","TX",1
"2802","2014-06","IA",60
"2803","2014-06","MN",40
"2804","2014-06","ND",10
"2805","2014-06","NE",24
"2806","2014-06","OR",1
"2807","2014-06","SD",13
"2808","2014-06","TN",23
"2809","2014-07","AS",5
"2810","2014-07","CA",1
"2811","2014-07","GU",1
"2812","2014-07","NM",8
"2813","2014-07","OR",3
"2814","2014-07","UT",1
"2815","2014-07","WA",13
"2816","2014-08","CA",10
"2817","2014-08","HI",2
"2818","2014-08","KY",4
"2819","2014-08","MI",3
"2820","2014-08","MT",6
"2821","2014-08","OR",1
"2822","2014-08","WA",2
"2823","2014-09","AZ",2
"2824","2014-09","CA",4
"2825","2014-09","HI",1
"2826","2014-09","MO",20
"2827","2014-09","NM",8
"2828","2014-09","NV",1
"2829","2014-09","OR",1
"2830","2014-10","CA",1
"2831","2014-11","NY",9
"2832","2014-12","CA",1
"2833","2014-12","MS",1
"2834","2014-12","VT",10
"2835","2015-01","CT",4
"2836","2015-01","MA",10
"2837","2015-01","ME",4
"2838","2015-01","NH",3
"2839","2015-01","RI",5
"2840","2015-02","GA",16
"2841","2015-02","KY",41
"2842","2015-02","TN",45
"2843","2015-03","KY",59
"2844","2015-03","WV",32
"2845","2015-04","KY",29
"2846","2015-04","WV",26
"2847","2015-05","AR",29
"2848","2015-05","CO",15
"2849","2015-05","GU",1
"2850","2015-05","KS",44
"2851","2015-05","LA",7
"2852","2015-05","MO",76
"2853","2015-05","NE",28
"2854","2015-05","OK",63
"2855","2015-05","SD",1
"2856","2015-05","TX",113
"2857","2015-05","WY",4
"2858","2015-06","AK",2
"2859","2015-06","AZ",1
"2860","2015-06","IA",19
"2861","2015-06","NJ",4
"2862","2015-06","SD",14
"2863","2015-06","VT",2
"2864","2015-06","WA",1
"2865","2015-07","CA",5
"2866","2015-07","ID",2
"2867","2015-07","KY",34
"2868","2015-07","OR",1
"2869","2015-07","WA",1
"2870","2015-07","WV",9
"2871","2015-08","AK",1
"2872","2015-08","AZ",1
"2873","2015-08","ID",4
"2874","2015-08","MP",3
"2875","2015-08","OR",4
"2876","2015-08","WA",44
"2877","2015-09","CA",7
"2878","2015-09","OR",1
"2879","2015-09","WA",1
"2880","2015-10","SC",83
"2881","2015-10","TX",23
"2882","2015-10","WY",1
"2883","2015-11","ID",5
"2884","2015-11","OK",23
"2885","2015-11","WA",16
"2886","2015-12","AK",1
"2887","2015-12","AL",39
"2888","2015-12","AR",38
"2889","2015-12","GA",34
"2890","2015-12","ID",3
"2891","2015-12","LA",7
"2892","2015-12","MO",126
"2893","2015-12","MS",12
"2894","2015-12","OK",42
"2895","2015-12","OR",14
"2896","2015-12","TX",51
"2897","2015-12","WA",10
"2898","2016-01","DC",1
"2899","2016-01","DE",1
"2900","2016-01","MD",19
"2901","2016-01","NJ",17
"2902","2016-01","OK",1
"2903","2016-01","PA",23
"2904","2016-01","VA",30
"2905","2016-02","OK",1
"2906","2016-03","AR",12
"2907","2016-03","KS",2
"2908","2016-03","LA",37
"2909","2016-03","MS",29
"2910","2016-03","TX",21
"2911","2016-04","KS",1
"2912","2016-04","MT",5
"2913","2016-04","NH",1
"2914","2016-04","OK",1
"2915","2016-04","TX",27
"2916","2016-05","TX",46
"2917","2016-06","AZ",1
"2918","2016-06","CA",4
"2919","2016-06","MT",1
"2920","2016-06","NM",2
"2921","2016-06","OK",8
"2922","2016-06","OR",1
"2923","2016-06","UT",1
"2924","2016-06","WV",18
"2925","2016-07","CA",4
"2926","2016-07","CO",1
"2927","2016-07","KY",20
"2928","2016-07","MD",1
"2929","2016-07","NM",1
"2930","2016-07","NV",2
"2931","2016-07","WA",1
"2932","2016-07","WI",9
"2933","2016-07","WY",2
"2934","2016-08","CA",6
"2935","2016-08","FL",26
"2936","2016-08","IA",8
"2937","2016-08","ID",1
"2938","2016-08","LA",26
"2939","2016-08","MT",1
"2940","2016-08","OR",1
"2941","2016-08","WA",3
"2942","2016-09","HI",1
"2943","2016-09","IA",19
"2944","2016-09","KS",13
"2945","2016-09","MN",10
"2946","2016-09","WI",10
"2947","2016-10","CO",3
"2948","2016-10","FL",46
"2949","2016-10","GA",50
"2950","2016-10","NC",116
"2951","2016-10","NV",2
"2952","2016-10","PA",4
"2953","2016-10","SC",73
"2954","2016-10","VA",10
"2955","2016-11","GA",1
"2956","2016-11","KY",5
"2957","2016-11","NC",4
"2958","2016-11","SC",2
"2959","2016-11","TN",7
"2960","2016-12","OR",2
"2961","2016-12","SD",27
"2962","2017-01","CA",57
"2963","2017-01","GA",30
"2964","2017-01","KS",20
"2965","2017-01","MS",4
"2966","2017-01","NV",8
"2967","2017-01","OK",11
"2968","2017-01","OR",4
"2969","2017-01","WA",15
"2970","2017-02","CA",48
"2971","2017-02","ID",11
"2972","2017-02","LA",2
"2973","2017-02","NV",7
"2974","2017-02","OK",2
"2975","2017-02","UT",2
"2976","2017-02","WY",1
"2977","2017-03","ID",11
"2978","2017-03","KS",11
"2979","2017-03","ND",11
"2980","2017-03","NH",2
"2981","2017-03","NY",28
"2982","2017-03","OK",5
"2983","2017-04","AR",32
"2984","2017-04","FL",3
"2985","2017-04","KS",27
"2986","2017-04","MO",55
"2987","2017-04","MS",9
"2988","2017-04","NE",10
"2989","2017-04","OK",21
"2990","2017-05","GA",3
"2991","2017-05","ID",5
"2992","2017-05","NY",8
"2993","2017-05","OK",16
"2994","2017-05","TN",14
"2995","2017-05","WA",1
"2996","2017-06","AZ",2
"2997","2017-06","MI",4
"2998","2017-06","NE",19
"2999","2017-06","NM",1
"3000","2017-06","UT",1
"3001","2017-06","VT",7
"3002","2017-06","WA",1
"3003","2017-06","WY",3
"3004","2017-07","AZ",1
"3005","2017-07","CA",2
"3006","2017-07","IA",9
"3007","2017-07","KS",2
"3008","2017-07","MT",2
"3009","2017-07","NH",2
"3010","2017-07","NV",3
"3011","2017-07","WI",11
"3012","2017-07","WV",12
"3013","2017-08","CA",4
"3014","2017-08","LA",32
"3015","2017-08","MT",4
"3016","2017-08","OR",3
"3017","2017-08","TX",53
"3018","2017-09","AK",1
"3019","2017-09","AL",68
"3020","2017-09","CA",4
"3021","2017-09","FL",141
"3022","2017-09","GA",318
"3023","2017-09","MT",8
"3024","2017-09","OR",2
"3025","2017-09","PR",198
"3026","2017-09","SC",94
"3027","2017-09","UT",2
"3028","2017-09","VI",12
"3029","2017-09","WA",1
"3030","2017-10","AL",48
"3031","2017-10","CA",24
"3032","2017-10","FL",2
"3033","2017-10","LA",19
"3034","2017-10","ME",13
"3035","2017-10","MS",12
"3036","2017-10","NH",6
"3037","2017-10","NM",1
"3038","2017-10","VT",10
"3039","2017-12","AK",1
"3040","2017-12","CA",15
"3041","2017-12","SD",1
"3042","2018-02","AS",10
"3043","2018-02","IN",31
"3044","2018-02","KY",57
"3045","2018-02","OH",22
"3046","2018-02","WV",21
"3047","2018-03","AL",4
"3048","2018-03","MA",11
"3049","2018-03","ME",1
"3050","2018-03","NH",4
"3051","2018-03","NJ",6
"3052","2018-03","OK",1
"3053","2018-04","AZ",1
"3054","2018-04","HI",2
"3055","2018-04","MT",7
"3056","2018-04","NC",2
"3057","2018-04","NE",31
"3058","2018-04","OK",7
"3059","2018-04","TX",3
"3060","2018-05","AK",1
"3061","2018-05","AZ",1
"3062","2018-05","CT",2
"3063","2018-05","HI",1
"3064","2018-05","MD",4
"3065","2018-05","MT",9
"3066","2018-05","NM",1
"3067","2018-05","TX",1
"3068","2018-05","VT",5
"3069","2018-05","WA",1
"3070","2018-05","WV",7
"3071","2018-06","CA",2
"3072","2018-06","CO",3
"3073","2018-06","IA",31
"3074","2018-06","MI",3
"3075","2018-06","MN",31
"3076","2018-06","NE",11
"3077","2018-06","NM",1
"3078","2018-06","NV",1
"3079","2018-06","OR",1
"3080","2018-06","TX",3
"3081","2018-06","WI",6
"3082","2018-06","WY",1
"3083","2018-07","AZ",1
"3084","2018-07","CA",12
"3085","2018-07","CO",1
"3086","2018-07","IA",4
"3087","2018-07","ID",1
"3088","2018-07","OR",4
"3089","2018-07","TX",2
"3090","2018-07","UT",2
"3091","2018-07","WA",4
"3092","2018-08","CA",1
"3093","2018-08","HI",7
"3094","2018-08","NY",7
"3095","2018-08","OR",2
"3096","2018-08","PA",11
"3097","2018-08","SD",1
"3098","2018-08","UT",1
"3099","2018-08","WA",7
"3100","2018-08","WI",14
"3101","2018-09","CT",2
"3102","2018-09","GU",1
"3103","2018-09","HI",4
"3104","2018-09","KS",8
"3105","2018-09","MP",6
"3106","2018-09","NC",153
"3107","2018-09","OR",1
"3108","2018-09","SC",66
"3109","2018-09","TX",36
"3110","2018-09","UT",1
"3111","2018-09","VA",166
"3112","2018-09","WY",1
"3113","2018-10","AL",23
"3114","2018-10","AZ",1
"3115","2018-10","FL",53
"3116","2018-10","GA",177
"3117","2018-10","KS",14
"3118","2018-10","MN",1
"3119","2018-10","MP",8
"3120","2018-10","NC",21
"3121","2018-10","VA",36
"3122","2018-11","AK",6
"3123","2018-11","CA",10
"3124","2018-12","MS",11
"3125","2018-12","WA",8
"3126","2019-02","AL",12
"3127","2019-02","AZ",1
"3128","2019-02","CA",32
"3129","2019-02","GU",1
"3130","2019-02","IL",28
"3131","2019-02","KY",61
"3132","2019-02","MS",30
"3133","2019-02","OH",21
"3134","2019-02","OR",5
"3135","2019-02","TN",59
"3136","2019-03","AL",1
"3137","2019-03","IA",81
"3138","2019-03","MN",55
"3139","2019-03","MO",16
"3140","2019-03","MT",8
"3141","2019-03","ND",19
"3142","2019-03","NE",91
"3143","2019-03","NM",1
"3144","2019-03","SD",63
"3145","2019-04","ID",6
"3146","2019-04","KS",70
"3147","2019-04","LA",3
"3148","2019-04","MO",87
"3149","2019-04","MS",9
"3150","2019-04","OK",19
"3151","2019-04","OR",6
"3152","2019-04","VT",6
"3153","2019-05","AR",33
"3154","2019-05","KS",33
"3155","2019-05","LA",25
"3156","2019-05","OH",12
"3157","2019-05","OK",62
"3158","2019-05","SD",27
"3159","2019-06","AK",1
"3160","2019-06","AR",3
"3161","2019-06","SD",8
"3162","2019-06","TX",3
"3163","2019-06","WV",5
"3164","2019-07","AZ",1
"3165","2019-07","CA",2
"3166","2019-07","LA",67
"3167","2019-07","MT",1
"3168","2019-07","NH",1
"3169","2019-07","NV",1
"3170","2019-07","OR",1
"3171","2019-07","WI",20
"3172","2019-08","AK",2
"3173","2019-08","FL",87
"3174","2019-08","GA",12
"3175","2019-08","NV",2
"3176","2019-08","PR",78
"3177","2019-08","SC",59
"3178","2019-08","TX",1
"3179","2019-08","UT",1
"3180","2019-08","VI",3
"3181","2019-09","NC",129
"3182","2019-09","SD",25
"3183","2019-09","TX",7
"3184","2019-10","CA",9
"3185","2019-10","HI",1
"3186","2019-10","MP",8
"3187","2019-10","MS",19
"3188","2019-10","ND",18
"3189","2019-10","NY",18
"3190","2019-10","TN",10
"3191","2019-10","VT",8
"3192","2019-11","CA",2
"3193","2019-11","OK",2
"3194","2019-12","PR",112
"3195","2020-01","AK",121
"3196","2020-01","AL",139
"3197","2020-01","AR",152
"3198","2020-01","AS",10
"3199","2020-01","AZ",73
"3200","2020-01","CA",116
"3201","2020-01","CO",132
"3202","2020-01","CT",21
"3203","2020-01","DC",2
"3204","2020-01","DE",6
"3205","2020-01","FL",150
"3206","2020-01","GA",320
"3207","2020-01","GU",2
"3208","2020-01","HI",9
"3209","2020-01","IA",203
"3210","2020-01","ID",93
"3211","2020-01","IL",204
"3212","2020-01","IN",185
"3213","2020-01","KS",233
"3214","2020-01","KY",240
"3215","2020-01","LA",144
"3216","2020-01","MA",33
"3217","2020-01","MD",48
"3218","2020-01","ME",623
"3219","2020-01","MI",188
"3220","2020-01","MN",214
"3221","2020-01","MO",230
"3222","2020-01","MP",9
"3223","2020-01","MS",179
"3224","2020-01","MT",129
"3225","2020-01","NC",207
"3226","2020-01","ND",117
"3227","2020-01","NE",205
"3228","2020-01","NH",20
"3229","2020-01","NJ",44
"3230","2020-01","NM",151
"3231","2020-01","NV",88
"3232","2020-01","NY",130
"3233","2020-01","OH",176
"3234","2020-01","OK",239
"3235","2020-01","OR",83
"3236","2020-01","PA",134
"3237","2020-01","PR",156
"3238","2020-01","RI",13
"3239","2020-01","SC",94
"3240","2020-01","SD",286
"3241","2020-01","TN",190
"3242","2020-01","TX",515
"3243","2020-01","UT",72
"3244","2020-01","VA",276
"3245","2020-01","VI",6
"3246","2020-01","VT",28
"3247","2020-01","WA",122
"3248","2020-01","WI",170
"3249","2020-01","WV",110
"3250","2020-01","WY",48
"3251","2020-02","AL",19
"3252","2020-02","KY",27
"3253","2020-02","MS",15
"3254","2020-02","NC",19
"3255","2020-02","OR",4
"3256","2020-02","SC",10
"3257","2020-03","AR",1
"3258","2020-03","HI",1
"3259","2020-03","OK",1
"3260","2020-03","TN",6
"3261","2020-03","UT",2
"3262","2020-04","AL",17
"3263","2020-04","AR",12
"3264","2020-04","MS",40
"3265","2020-04","ND",20
"3266","2020-04","SC",10
"3267","2020-04","TN",9
"3268","2020-05","AZ",2
"3269","2020-05","FL",3
"3270","2020-05","MI",7
"3271","2020-05","MO",19
"3272","2020-05","TN",20
"3273","2020-06","AZ",5
"3274","2020-06","LA",64
"3275","2020-06","ND",6
"3276","2020-06","NV",1
"3277","2020-06","UT",2
"3278","2020-07","FL",19
"3279","2020-07","HI",4
"3280","2020-07","NC",117
"3281","2020-07","NV",2
"3282","2020-07","PR",82
"3283","2020-07","TX",32
"3284","2020-07","UT",1
"3285","2020-07","VI",3
"3286","2020-07","WA",2
"3287","2020-08","AR",75
"3288","2020-08","AZ",2
"3289","2020-08","CA",39
"3290","2020-08","CO",4
"3291","2020-08","CT",20
"3292","2020-08","DE",2
"3293","2020-08","IA",24
"3294","2020-08","LA",128
"3295","2020-08","MD",3
"3296","2020-08","MS",24
"3297","2020-08","MT",2
"3298","2020-08","NJ",11
"3299","2020-08","NV",2
"3300","2020-08","NY",7
"3301","2020-08","OR",2
"3302","2020-08","PR",78
"3303","2020-08","TX",67
"3304","2020-08","WA",3
"3305","2020-09","AL",83
"3306","2020-09","CA",21
"3307","2020-09","CO",3
"3308","2020-09","FL",27
"3309","2020-09","LA",64
"3310","2020-09","MS",24
"3311","2020-09","MT",7
"3312","2020-09","OR",50
"3313","2020-09","PR",1
"3314","2020-09","UT",5
"3315","2020-09","WA",21
"3316","2020-09","WY",3
"3317","2020-10","AL",21
"3318","2020-10","CA",4
"3319","2020-10","CO",2
"3320","2020-10","GA",21
"3321","2020-10","LA",227
"3322","2020-10","MS",50
"3323","2020-10","OK",29
"3324","2020-11","AK",5
"3325","2020-11","FL",13
"3326","2020-11","NC",19
"3327","2020-11","NV",1
"3328","2020-12","CA",1
"3329","2020-12","TN",1
"3330","2020-12","WA",18
"3331","2021-01","DC",1
"3332","2021-01","ID",4
"3333","2021-01","NJ",5
"3334","2021-02","KY",95
"3335","2021-02","LA",128
"3336","2021-02","MS",37
"3337","2021-02","OK",154
"3338","2021-02","OR",7
"3339","2021-02","TN",13
"3340","2021-02","TX",508
"3341","2021-02","VA",33
"3342","2021-02","WV",12
"3343","2021-03","AL",8
"3344","2021-03","GA",9
"3345","2021-03","HI",1
"3346","2021-03","SD",1
"3347","2021-03","TN",24
"3348","2021-04","AZ",1
"3349","2021-04","NM",1
"3350","2021-05","AZ",1
"3351","2021-05","LA",7
"3352","2021-06","AZ",2
"3353","2021-06","CA",1
"3354","2021-06","FL",1
"3355","2021-06","MI",5
"3356","2021-06","MO",21
"3357","2021-06","MT",6
"3358","2021-06","ND",9
"3359","2021-06","NV",1
"3360","2021-06","OR",1
"3361","2021-06","UT",2
"3362","2021-07","AZ",3
"3363","2021-07","CA",8
"3364","2021-07","FL",37
"3365","2021-07","MT",3
"3366","2021-07","NE",14
"3367","2021-07","NH",3
"3368","2021-07","NV",1
"3369","2021-07","OR",2
"3370","2021-07","VT",2
"3371","2021-07","WA",5
"3372","2021-08","CA",10
"3373","2021-08","CT",10
"3374","2021-08","FL",23
"3375","2021-08","HI",1
"3376","2021-08","ID",2
"3377","2021-08","LA",128
"3378","2021-08","MA",1
"3379","2021-08","MS",165
"3380","2021-08","MT",3
"3381","2021-08","NC",11
"3382","2021-08","NY",35
"3383","2021-08","OR",1
"3384","2021-08","PA",13
"3385","2021-08","RI",6
"3386","2021-08","TN",4
"3387","2021-08","UT",2
"3388","2021-08","VA",1
"3389","2021-08","VT",14
"3390","2021-08","WA",4
"3391","2021-09","CA",1
"3392","2021-09","CT",7
"3393","2021-09","DE",1
"3394","2021-09","LA",64
"3395","2021-09","NJ",42
"3396","2021-09","NY",28
"3397","2021-10","AK",1
"3398","2021-10","AL",2
"3399","2021-10","CA",1
"3400","2021-10","ME",3
"3401","2021-10","SD",1
"3402","2021-11","WA",12
"3403","2021-12","AK",3
"3404","2021-12","AR",5
"3405","2021-12","CO",2
"3406","2021-12","HI",2
"3407","2021-12","IA",25
"3408","2021-12","IL",14
"3409","2021-12","KS",55
"3410","2021-12","KY",52
"3411","2021-12","MO",7
"3412","2021-12","NE",25
"3413","2021-12","OK",1
"3414","2021-12","TN",23
"3415","2021-12","TX",2
"3416","2021-12","WA",24
"3417","2022-01","AK",1
"3418","2022-01","MA",5
"3419","2022-01","RI",6
"3420","2022-01","VA",28
"3421","2022-02","PR",5
"3422","2022-02","TN",7
"3423","2022-03","FL",3
"3424","2022-03","KS",22
"3425","2022-03","TX",3
"3426","2022-04","AZ",2
"3427","2022-04","MN",19
"3428","2022-04","ND",40
"3429","2022-04","NE",3
"3430","2022-04","NM",13
"3431","2022-05","AK",4
"3432","2022-05","CA",1
"3433","2022-05","MN",46
"3434","2022-05","NE",20
"3435","2022-05","OK",8
"3436","2022-05","SD",22
"3437","2022-05","TX",1
"3438","2022-06","AK",2
"3439","2022-06","AZ",1
"3440","2022-06","MT",7
"3441","2022-06","SD",6
"3442","2022-07","AS",1
"3443","2022-07","AZ",1
"3444","2022-07","CA",1
"3445","2022-07","IL",1
"3446","2022-07","KY",20
"3447","2022-07","MO",4
"3448","2022-07","TX",3
"3449","2022-07","VA",2
"3450","2022-07","VI",1
"3451","2022-07","WV",1
"3452","2022-08","ID",3
"3453","2022-08","MS",1
"3454","2022-08","NV",1
"3455","2022-08","OR",1
"3456","2022-08","WA",1
"3457","2022-08","WV",1
"3458","2022-09","AK",5
"3459","2022-09","CA",4
"3460","2022-09","FL",144
"3461","2022-09","ID",1
"3462","2022-09","NC",101
"3463","2022-09","OR",2
"3464","2022-09","PR",156
"3465","2022-09","SC",92
"3466","2022-09","WA",2
"3467","2022-10","AZ",1
"3468","2022-10","WA",2
"3469","2022-11","FL",117
"3470","2022-11","ND",7
"3471","2022-11","NY",11
"3472","2022-11","WA",9
"3473","2022-12","CA",45
"3474","2022-12","ME",6
"3475","2022-12","NH",4
"3476","2022-12","NY",7
"3477","2022-12","OK",1
"3478","2022-12","SD",19
"3479","2022-12","TN",11
"3480","2022-12","VT",8
"3481","2023-01","AL",13
"3482","2023-01","AR",13
"3483","2023-01","AZ",1
"3484","2023-01","CA",41
"3485","2023-01","GA",9
"3486","2023-01","TX",23
"3487","2023-02","CA",48
"3488","2023-02","KY",22
"3489","2023-03","AL",10
"3490","2023-03","AR",3
"3491","2023-03","CA",44
"3492","2023-03","IN",13
"3493","2023-03","KY",88
"3494","2023-03","MS",7
"3495","2023-03","NV",6
"3496","2023-03","OK",3
"3497","2023-03","TN",58
"3498","2023-04","FL",1
"3499","2023-04","IA",7
"3500","2023-04","KS",1
"3501","2023-04","ME",8
"3502","2023-04","MN",26
"3503","2023-04","MT",8
"3504","2023-04","ND",21
"3505","2023-04","NE",1
"3506","2023-04","NM",1
"3507","2023-04","OK",3
"3508","2023-04","RI",1
"3509","2023-04","SD",11
"3510","2023-05","AK",10
"3511","2023-05","GU",2
"3512","2023-05","MP",8
"3513","2023-05","NM",2
"3514","2023-05","UT",5
"3515","2023-06","AR",4
"3516","2023-06","AZ",1
"3517","2023-06","CO",14
"3518","2023-06","IL",22
"3519","2023-06","ME",2
"3520","2023-06","MS",30
"3521","2023-06","MT",10
"3522","2023-06","OK",25
"3523","2023-06","OR",1
"3524","2023-06","TN",3
"3525","2023-06","WY",1
"3526","2023-07","KS",21
"3527","2023-07","MO",33
"3528","2023-07","NH",7
"3529","2023-07","NJ",1
"3530","2023-07","NY",9
"3531","2023-07","OR",1
"3532","2023-07","TN",4
"3533","2023-07","VT",28
"3534","2023-07","WA",5
"3535","2023-08","AK",1
"3536","2023-08","CA",7
"3537","2023-08","FL",98
"3538","2023-08","GA",32
"3539","2023-08","HI",7
"3540","2023-08","LA",5
"3541","2023-08","MI",9
"3542","2023-08","MT",1
"3543","2023-08","OR",1
"3544","2023-08","SC",46
"3545","2023-08","TN",10
"3546","2023-08","VT",1
"3547","2023-08","WA",2
"3548","2023-08","WV",5
"3549","2023-09","IL",1
"3550","2023-09","LA",5
"3551","2023-09","MA",14
"3552","2023-09","ME",16
"3553","2023-09","NY",3
"3554","2023-09","RI",1
"3555","2023-10","GU",1
"3556","2023-10","MP",5
"3557","2023-10","VI",1
"3558","2023-12","ME",10
"3559","2023-12","TN",9
"3560","2024-01","CT",3
